"filename", "language", "JavaScript", "CSS", "YAML", "Vue", "XML", "SCSS", "JSON", "Markdown", "HTML", "comment", "blank", "total"
"/Users/chengchengkai/project-code/DataElit/datax-web-ui/.eslintrc.js", "JavaScript", 195, 0, 0, 0, 0, 0, 0, 0, 0, 2, 2, 199
"/Users/chengchengkai/project-code/DataElit/datax-web-ui/.travis.yml", "YAML", 0, 0, 5, 0, 0, 0, 0, 0, 0, 0, 1, 6
"/Users/chengchengkai/project-code/DataElit/datax-web-ui/README.md", "Markdown", 0, 0, 0, 0, 0, 0, 0, 27, 0, 0, 15, 42
"/Users/chengchengkai/project-code/DataElit/datax-web-ui/babel.config.js", "JavaScript", 6, 0, 0, 0, 0, 0, 0, 0, 0, 0, 1, 7
"/Users/chengchengkai/project-code/DataElit/datax-web-ui/build/index.js", "JavaScript", 28, 0, 0, 0, 0, 0, 0, 0, 0, 0, 8, 36
"/Users/chengchengkai/project-code/DataElit/datax-web-ui/jest.config.js", "JavaScript", 22, 0, 0, 0, 0, 0, 0, 0, 0, 2, 1, 25
"/Users/chengchengkai/project-code/DataElit/datax-web-ui/mock/index.js", "JavaScript", 53, 0, 0, 0, 0, 0, 0, 0, 0, 7, 9, 69
"/Users/chengchengkai/project-code/DataElit/datax-web-ui/mock/mock-server.js", "JavaScript", 52, 0, 0, 0, 0, 0, 0, 0, 0, 6, 11, 69
"/Users/chengchengkai/project-code/DataElit/datax-web-ui/mock/remote-search.js", "JavaScript", 45, 0, 0, 0, 0, 0, 0, 0, 0, 2, 5, 52
"/Users/chengchengkai/project-code/DataElit/datax-web-ui/mock/role/index.js", "JavaScript", 86, 0, 0, 0, 0, 0, 0, 0, 0, 5, 8, 99
"/Users/chengchengkai/project-code/DataElit/datax-web-ui/mock/role/routes.js", "JavaScript", 508, 0, 0, 0, 0, 0, 0, 0, 0, 1, 17, 526
"/Users/chengchengkai/project-code/DataElit/datax-web-ui/mock/user.js", "JavaScript", 70, 0, 0, 0, 0, 0, 0, 0, 0, 5, 10, 85
"/Users/chengchengkai/project-code/DataElit/datax-web-ui/package.json", "JSON", 0, 0, 0, 0, 0, 0, 124, 0, 0, 0, 1, 125
"/Users/chengchengkai/project-code/DataElit/datax-web-ui/plopfile.js", "JavaScript", 6, 0, 0, 0, 0, 0, 0, 0, 0, 0, 2, 8
"/Users/chengchengkai/project-code/DataElit/datax-web-ui/postcss.config.js", "JavaScript", 5, 0, 0, 0, 0, 0, 0, 0, 0, 0, 1, 6
"/Users/chengchengkai/project-code/DataElit/datax-web-ui/public/index.html", "HTML", 0, 0, 0, 0, 0, 0, 0, 0, 14, 1, 1, 16
"/Users/chengchengkai/project-code/DataElit/datax-web-ui/src/App.vue", "Vue", 0, 0, 0, 29, 0, 0, 0, 0, 0, 0, 3, 32
"/Users/chengchengkai/project-code/DataElit/datax-web-ui/src/api/dashborad.js", "JavaScript", 8, 0, 0, 0, 0, 0, 0, 0, 0, 1, 3, 12
"/Users/chengchengkai/project-code/DataElit/datax-web-ui/src/api/data-explore.js", "JavaScript", 20, 0, 0, 0, 0, 0, 0, 0, 0, 3, 4, 27
"/Users/chengchengkai/project-code/DataElit/datax-web-ui/src/api/data-general.js", "JavaScript", 49, 0, 0, 0, 0, 0, 0, 0, 0, 7, 8, 64
"/Users/chengchengkai/project-code/DataElit/datax-web-ui/src/api/data-personalise.js", "JavaScript", 33, 0, 0, 0, 0, 0, 0, 0, 0, 5, 6, 44
"/Users/chengchengkai/project-code/DataElit/datax-web-ui/src/api/data-share.js", "JavaScript", 154, 0, 0, 0, 0, 0, 0, 0, 0, 16, 17, 187
"/Users/chengchengkai/project-code/DataElit/datax-web-ui/src/api/datax-business-terms.js", "JavaScript", 78, 0, 0, 0, 0, 0, 0, 0, 0, 59, 12, 149
"/Users/chengchengkai/project-code/DataElit/datax-web-ui/src/api/datax-document-manage.js", "JavaScript", 59, 0, 0, 0, 0, 0, 0, 0, 0, 51, 13, 123
"/Users/chengchengkai/project-code/DataElit/datax-web-ui/src/api/datax-executor.js", "JavaScript", 33, 0, 0, 0, 0, 0, 0, 0, 0, 1, 8, 42
"/Users/chengchengkai/project-code/DataElit/datax-web-ui/src/api/datax-jdbcDatasource.js", "JavaScript", 49, 0, 0, 0, 0, 0, 0, 0, 0, 1, 9, 59
"/Users/chengchengkai/project-code/DataElit/datax-web-ui/src/api/datax-job-info.js", "JavaScript", 86, 0, 0, 0, 0, 0, 0, 0, 0, 2, 13, 101
"/Users/chengchengkai/project-code/DataElit/datax-web-ui/src/api/datax-job-log.js", "JavaScript", 27, 0, 0, 0, 0, 0, 0, 0, 0, 1, 5, 33
"/Users/chengchengkai/project-code/DataElit/datax-web-ui/src/api/datax-job-project.js", "JavaScript", 36, 0, 0, 0, 0, 0, 0, 0, 0, 1, 8, 45
"/Users/chengchengkai/project-code/DataElit/datax-web-ui/src/api/datax-job-template.js", "JavaScript", 47, 0, 0, 0, 0, 0, 0, 0, 0, 1, 9, 57
"/Users/chengchengkai/project-code/DataElit/datax-web-ui/src/api/datax-json.js", "JavaScript", 15, 0, 0, 0, 0, 0, 0, 0, 0, 2, 3, 20
"/Users/chengchengkai/project-code/DataElit/datax-web-ui/src/api/datax-metadata-atlas.js", "JavaScript", 123, 0, 0, 0, 0, 0, 0, 0, 0, 56, 12, 191
"/Users/chengchengkai/project-code/DataElit/datax-web-ui/src/api/datax-plugin.js", "JavaScript", 35, 0, 0, 0, 0, 0, 0, 0, 0, 1, 7, 43
"/Users/chengchengkai/project-code/DataElit/datax-web-ui/src/api/datax-registry.js", "JavaScript", 8, 0, 0, 0, 0, 0, 0, 0, 0, 1, 3, 12
"/Users/chengchengkai/project-code/DataElit/datax-web-ui/src/api/datax-user.js", "JavaScript", 28, 0, 0, 0, 0, 0, 0, 0, 0, 1, 6, 35
"/Users/chengchengkai/project-code/DataElit/datax-web-ui/src/api/metadata-query.js", "JavaScript", 64, 0, 0, 0, 0, 0, 0, 0, 0, 10, 10, 84
"/Users/chengchengkai/project-code/DataElit/datax-web-ui/src/api/remote-search.js", "JavaScript", 15, 0, 0, 0, 0, 0, 0, 0, 0, 0, 3, 18
"/Users/chengchengkai/project-code/DataElit/datax-web-ui/src/api/role.js", "JavaScript", 33, 0, 0, 0, 0, 0, 0, 0, 0, 0, 6, 39
"/Users/chengchengkai/project-code/DataElit/datax-web-ui/src/api/table.js", "JavaScript", 8, 0, 0, 0, 0, 0, 0, 0, 0, 0, 2, 10
"/Users/chengchengkai/project-code/DataElit/datax-web-ui/src/api/user.js", "JavaScript", 20, 0, 0, 0, 0, 0, 0, 0, 0, 0, 4, 24
"/Users/chengchengkai/project-code/DataElit/datax-web-ui/src/assets/css/reset.css", "CSS", 0, 42, 0, 0, 0, 0, 0, 0, 0, 5, 1, 48
"/Users/chengchengkai/project-code/DataElit/datax-web-ui/src/assets/custom-theme/index.css", "CSS", 0, 1, 0, 0, 0, 0, 0, 0, 0, 0, 0, 1
"/Users/chengchengkai/project-code/DataElit/datax-web-ui/src/components/BackToTop/index.vue", "Vue", 0, 0, 0, 105, 0, 0, 0, 0, 0, 0, 7, 112
"/Users/chengchengkai/project-code/DataElit/datax-web-ui/src/components/Breadcrumb/index.vue", "Vue", 0, 0, 0, 73, 0, 0, 0, 0, 0, 3, 7, 83
"/Users/chengchengkai/project-code/DataElit/datax-web-ui/src/components/Charts/Keyboard.vue", "Vue", 0, 0, 0, 152, 0, 0, 0, 0, 0, 0, 4, 156
"/Users/chengchengkai/project-code/DataElit/datax-web-ui/src/components/Charts/LineMarker.vue", "Vue", 0, 0, 0, 222, 0, 0, 0, 0, 0, 0, 6, 228
"/Users/chengchengkai/project-code/DataElit/datax-web-ui/src/components/Charts/MixChart.vue", "Vue", 0, 0, 0, 265, 0, 0, 0, 0, 0, 0, 7, 272
"/Users/chengchengkai/project-code/DataElit/datax-web-ui/src/components/Charts/mixins/resize.js", "JavaScript", 29, 0, 0, 0, 0, 0, 0, 0, 0, 2, 4, 35
"/Users/chengchengkai/project-code/DataElit/datax-web-ui/src/components/Cron/component/day.vue", "Vue", 0, 0, 0, 160, 0, 0, 0, 0, 0, 11, 3, 174
"/Users/chengchengkai/project-code/DataElit/datax-web-ui/src/components/Cron/component/hour.vue", "Vue", 0, 0, 0, 142, 0, 0, 0, 0, 0, 0, 3, 145
"/Users/chengchengkai/project-code/DataElit/datax-web-ui/src/components/Cron/component/month.vue", "Vue", 0, 0, 0, 141, 0, 0, 0, 0, 0, 0, 3, 144
"/Users/chengchengkai/project-code/DataElit/datax-web-ui/src/components/Cron/component/secondAndMinute.vue", "Vue", 0, 0, 0, 144, 0, 0, 0, 0, 0, 0, 3, 147
"/Users/chengchengkai/project-code/DataElit/datax-web-ui/src/components/Cron/component/week.vue", "Vue", 0, 0, 0, 155, 0, 0, 0, 0, 0, 0, 3, 158
"/Users/chengchengkai/project-code/DataElit/datax-web-ui/src/components/Cron/component/year.vue", "Vue", 0, 0, 0, 128, 0, 0, 0, 0, 0, 0, 3, 131
"/Users/chengchengkai/project-code/DataElit/datax-web-ui/src/components/Cron/index.vue", "Vue", 0, 0, 0, 135, 0, 0, 0, 0, 0, 1, 3, 139
"/Users/chengchengkai/project-code/DataElit/datax-web-ui/src/components/DndList/index.vue", "Vue", 0, 0, 0, 155, 0, 0, 0, 0, 0, 2, 10, 167
"/Users/chengchengkai/project-code/DataElit/datax-web-ui/src/components/DragSelect/index.vue", "Vue", 0, 0, 0, 55, 0, 0, 0, 0, 0, 2, 5, 62
"/Users/chengchengkai/project-code/DataElit/datax-web-ui/src/components/Dropzone/index.vue", "Vue", 0, 0, 0, 265, 0, 0, 0, 0, 0, 11, 22, 298
"/Users/chengchengkai/project-code/DataElit/datax-web-ui/src/components/ErrorLog/index.vue", "Vue", 0, 0, 0, 75, 0, 0, 0, 0, 0, 0, 4, 79
"/Users/chengchengkai/project-code/DataElit/datax-web-ui/src/components/Generic/button.vue", "Vue", 0, 0, 0, 53, 0, 0, 0, 0, 0, 0, 3, 56
"/Users/chengchengkai/project-code/DataElit/datax-web-ui/src/components/GithubCorner/index.vue", "Vue", 0, 0, 0, 51, 0, 0, 0, 0, 0, 0, 4, 55
"/Users/chengchengkai/project-code/DataElit/datax-web-ui/src/components/Hamburger/index.vue", "Vue", 0, 0, 0, 41, 0, 0, 0, 0, 0, 0, 4, 45
"/Users/chengchengkai/project-code/DataElit/datax-web-ui/src/components/HeaderSearch/index.vue", "Vue", 0, 0, 0, 160, 0, 0, 0, 0, 0, 8, 13, 181
"/Users/chengchengkai/project-code/DataElit/datax-web-ui/src/components/ImageCropper/index.vue", "Vue", 0, 0, 0, 1340, 0, 0, 0, 0, 0, 77, 9, 1426
"/Users/chengchengkai/project-code/DataElit/datax-web-ui/src/components/ImageCropper/utils/data2blob.js", "JavaScript", 11, 0, 0, 0, 0, 0, 0, 0, 0, 8, 1, 20
"/Users/chengchengkai/project-code/DataElit/datax-web-ui/src/components/ImageCropper/utils/effectRipple.js", "JavaScript", 32, 0, 0, 0, 0, 0, 0, 0, 0, 7, 1, 40
"/Users/chengchengkai/project-code/DataElit/datax-web-ui/src/components/ImageCropper/utils/language.js", "JavaScript", 230, 0, 0, 0, 0, 0, 0, 0, 0, 0, 3, 233
"/Users/chengchengkai/project-code/DataElit/datax-web-ui/src/components/ImageCropper/utils/mimes.js", "JavaScript", 7, 0, 0, 0, 0, 0, 0, 0, 0, 0, 1, 8
"/Users/chengchengkai/project-code/DataElit/datax-web-ui/src/components/JsonEditor/index.vue", "Vue", 0, 0, 0, 68, 0, 0, 0, 0, 0, 3, 6, 77
"/Users/chengchengkai/project-code/DataElit/datax-web-ui/src/components/Kanban/index.vue", "Vue", 0, 0, 0, 91, 0, 0, 0, 0, 0, 2, 7, 100
"/Users/chengchengkai/project-code/DataElit/datax-web-ui/src/components/MDinput/index.vue", "Vue", 0, 0, 0, 341, 0, 0, 0, 0, 0, 13, 7, 361
"/Users/chengchengkai/project-code/DataElit/datax-web-ui/src/components/MarkdownEditor/default-options.js", "JavaScript", 30, 0, 0, 0, 0, 0, 0, 0, 0, 1, 1, 32
"/Users/chengchengkai/project-code/DataElit/datax-web-ui/src/components/MarkdownEditor/index.vue", "Vue", 0, 0, 0, 114, 0, 0, 0, 0, 0, 1, 4, 119
"/Users/chengchengkai/project-code/DataElit/datax-web-ui/src/components/Pagination/index.vue", "Vue", 0, 0, 0, 98, 0, 0, 0, 0, 0, 0, 4, 102
"/Users/chengchengkai/project-code/DataElit/datax-web-ui/src/components/PanThumb/index.vue", "Vue", 0, 0, 0, 118, 0, 0, 0, 0, 0, 12, 13, 143
"/Users/chengchengkai/project-code/DataElit/datax-web-ui/src/components/PowershellEditor/index.vue", "Vue", 0, 0, 0, 66, 0, 0, 0, 0, 0, 0, 5, 71
"/Users/chengchengkai/project-code/DataElit/datax-web-ui/src/components/PythonEditor/index.vue", "Vue", 0, 0, 0, 66, 0, 0, 0, 0, 0, 0, 5, 71
"/Users/chengchengkai/project-code/DataElit/datax-web-ui/src/components/RightPanel/index.vue", "Vue", 0, 0, 0, 136, 0, 0, 0, 0, 0, 0, 10, 146
"/Users/chengchengkai/project-code/DataElit/datax-web-ui/src/components/SQLEditor/index.vue", "Vue", 0, 0, 0, 67, 0, 0, 0, 0, 0, 0, 5, 72
"/Users/chengchengkai/project-code/DataElit/datax-web-ui/src/components/Screenfull/index.vue", "Vue", 0, 0, 0, 57, 0, 0, 0, 0, 0, 0, 4, 61
"/Users/chengchengkai/project-code/DataElit/datax-web-ui/src/components/Share/DropdownMenu.vue", "Vue", 0, 0, 0, 98, 0, 0, 0, 0, 0, 0, 3, 101
"/Users/chengchengkai/project-code/DataElit/datax-web-ui/src/components/ShellEditor/index.vue", "Vue", 0, 0, 0, 67, 0, 0, 0, 0, 0, 0, 5, 72
"/Users/chengchengkai/project-code/DataElit/datax-web-ui/src/components/SizeSelect/index.vue", "Vue", 0, 0, 0, 52, 0, 0, 0, 0, 0, 1, 5, 58
"/Users/chengchengkai/project-code/DataElit/datax-web-ui/src/components/Sticky/index.vue", "Vue", 0, 0, 0, 90, 0, 0, 0, 0, 0, 0, 2, 92
"/Users/chengchengkai/project-code/DataElit/datax-web-ui/src/components/SvgIcon/index.vue", "Vue", 0, 0, 0, 57, 0, 0, 0, 0, 0, 1, 5, 63
"/Users/chengchengkai/project-code/DataElit/datax-web-ui/src/components/TextHoverEffect/Mallki.vue", "Vue", 0, 0, 0, 100, 0, 0, 0, 0, 0, 1, 13, 114
"/Users/chengchengkai/project-code/DataElit/datax-web-ui/src/components/ThemePicker/index.vue", "Vue", 0, 0, 0, 150, 0, 0, 0, 0, 0, 0, 26, 176
"/Users/chengchengkai/project-code/DataElit/datax-web-ui/src/components/Tinymce/components/EditorImage.vue", "Vue", 0, 0, 0, 107, 0, 0, 0, 0, 0, 1, 4, 112
"/Users/chengchengkai/project-code/DataElit/datax-web-ui/src/components/Tinymce/dynamicLoadScript.js", "JavaScript", 48, 0, 0, 0, 0, 0, 0, 0, 0, 4, 8, 60
"/Users/chengchengkai/project-code/DataElit/datax-web-ui/src/components/Tinymce/index.vue", "Vue", 0, 0, 0, 192, 0, 0, 0, 0, 0, 40, 6, 238
"/Users/chengchengkai/project-code/DataElit/datax-web-ui/src/components/Tinymce/plugins.js", "JavaScript", 2, 0, 0, 0, 0, 0, 0, 0, 0, 3, 3, 8
"/Users/chengchengkai/project-code/DataElit/datax-web-ui/src/components/Tinymce/toolbar.js", "JavaScript", 2, 0, 0, 0, 0, 0, 0, 0, 0, 2, 3, 7
"/Users/chengchengkai/project-code/DataElit/datax-web-ui/src/components/Upload/SingleImage.vue", "Vue", 0, 0, 0, 130, 0, 0, 0, 0, 0, 0, 5, 135
"/Users/chengchengkai/project-code/DataElit/datax-web-ui/src/components/Upload/SingleImage2.vue", "Vue", 0, 0, 0, 127, 0, 0, 0, 0, 0, 0, 4, 131
"/Users/chengchengkai/project-code/DataElit/datax-web-ui/src/components/Upload/SingleImage3.vue", "Vue", 0, 0, 0, 154, 0, 0, 0, 0, 0, 0, 4, 158
"/Users/chengchengkai/project-code/DataElit/datax-web-ui/src/components/UploadExcel/index.vue", "Vue", 0, 0, 0, 131, 0, 0, 0, 0, 0, 2, 6, 139
"/Users/chengchengkai/project-code/DataElit/datax-web-ui/src/directive/clipboard/clipboard.js", "JavaScript", 47, 0, 0, 0, 0, 0, 0, 0, 0, 1, 2, 50
"/Users/chengchengkai/project-code/DataElit/datax-web-ui/src/directive/clipboard/index.js", "JavaScript", 10, 0, 0, 0, 0, 0, 0, 0, 0, 0, 4, 14
"/Users/chengchengkai/project-code/DataElit/datax-web-ui/src/directive/el-drag-dialog/drag.js", "JavaScript", 56, 0, 0, 0, 0, 0, 0, 0, 0, 7, 15, 78
"/Users/chengchengkai/project-code/DataElit/datax-web-ui/src/directive/el-drag-dialog/index.js", "JavaScript", 10, 0, 0, 0, 0, 0, 0, 0, 0, 0, 4, 14
"/Users/chengchengkai/project-code/DataElit/datax-web-ui/src/directive/el-table/adaptive.js", "JavaScript", 27, 0, 0, 0, 0, 0, 0, 0, 0, 7, 8, 42
"/Users/chengchengkai/project-code/DataElit/datax-web-ui/src/directive/el-table/index.js", "JavaScript", 10, 0, 0, 0, 0, 0, 0, 0, 0, 0, 4, 14
"/Users/chengchengkai/project-code/DataElit/datax-web-ui/src/directive/permission/index.js", "JavaScript", 10, 0, 0, 0, 0, 0, 0, 0, 0, 0, 4, 14
"/Users/chengchengkai/project-code/DataElit/datax-web-ui/src/directive/permission/permission.js", "JavaScript", 18, 0, 0, 0, 0, 0, 0, 0, 0, 0, 5, 23
"/Users/chengchengkai/project-code/DataElit/datax-web-ui/src/directive/sticky.js", "JavaScript", 72, 0, 0, 0, 0, 0, 0, 0, 0, 6, 14, 92
"/Users/chengchengkai/project-code/DataElit/datax-web-ui/src/directive/waves/index.js", "JavaScript", 10, 0, 0, 0, 0, 0, 0, 0, 0, 0, 4, 14
"/Users/chengchengkai/project-code/DataElit/datax-web-ui/src/directive/waves/waves.css", "CSS", 0, 25, 0, 0, 0, 0, 0, 0, 0, 0, 1, 26
"/Users/chengchengkai/project-code/DataElit/datax-web-ui/src/directive/waves/waves.js", "JavaScript", 67, 0, 0, 0, 0, 0, 0, 0, 0, 0, 6, 73
"/Users/chengchengkai/project-code/DataElit/datax-web-ui/src/filters/index.js", "JavaScript", 39, 0, 0, 0, 0, 0, 0, 0, 0, 24, 6, 69
"/Users/chengchengkai/project-code/DataElit/datax-web-ui/src/graphQL/graphQL.js", "JavaScript", 152, 0, 0, 0, 0, 0, 0, 0, 0, 6, 8, 166
"/Users/chengchengkai/project-code/DataElit/datax-web-ui/src/icons/index.js", "JavaScript", 6, 0, 0, 0, 0, 0, 0, 0, 0, 1, 3, 10
"/Users/chengchengkai/project-code/DataElit/datax-web-ui/src/icons/svg/404.svg", "XML", 0, 0, 0, 0, 1, 0, 0, 0, 0, 0, 0, 1
"/Users/chengchengkai/project-code/DataElit/datax-web-ui/src/icons/svg/Field-check.svg", "XML", 0, 0, 0, 0, 1, 0, 0, 0, 0, 0, 0, 1
"/Users/chengchengkai/project-code/DataElit/datax-web-ui/src/icons/svg/RE.svg", "XML", 0, 0, 0, 0, 1, 0, 0, 0, 0, 0, 0, 1
"/Users/chengchengkai/project-code/DataElit/datax-web-ui/src/icons/svg/batch-create.svg", "XML", 0, 0, 0, 0, 1, 0, 0, 0, 0, 0, 0, 1
"/Users/chengchengkai/project-code/DataElit/datax-web-ui/src/icons/svg/battery-line.svg", "XML", 0, 0, 0, 0, 1, 0, 0, 0, 0, 0, 0, 1
"/Users/chengchengkai/project-code/DataElit/datax-web-ui/src/icons/svg/biaozhunhuazhanxian.svg", "XML", 0, 0, 0, 0, 1, 0, 0, 0, 0, 0, 0, 1
"/Users/chengchengkai/project-code/DataElit/datax-web-ui/src/icons/svg/bug.svg", "XML", 0, 0, 0, 0, 1, 0, 0, 0, 0, 0, 0, 1
"/Users/chengchengkai/project-code/DataElit/datax-web-ui/src/icons/svg/business.svg", "XML", 0, 0, 0, 0, 1, 0, 0, 0, 0, 0, 0, 1
"/Users/chengchengkai/project-code/DataElit/datax-web-ui/src/icons/svg/cfg-datasouce.svg", "XML", 0, 0, 0, 0, 1, 0, 0, 0, 0, 0, 0, 1
"/Users/chengchengkai/project-code/DataElit/datax-web-ui/src/icons/svg/chart.svg", "XML", 0, 0, 0, 0, 1, 0, 0, 0, 0, 0, 0, 1
"/Users/chengchengkai/project-code/DataElit/datax-web-ui/src/icons/svg/chuangjiangongdan.svg", "XML", 0, 0, 0, 0, 1, 0, 0, 0, 0, 0, 0, 1
"/Users/chengchengkai/project-code/DataElit/datax-web-ui/src/icons/svg/chuangjiangongzuo.svg", "XML", 0, 0, 0, 0, 1, 0, 0, 0, 0, 0, 0, 1
"/Users/chengchengkai/project-code/DataElit/datax-web-ui/src/icons/svg/chuangjianmoban.svg", "XML", 0, 0, 0, 0, 1, 0, 0, 0, 0, 0, 0, 1
"/Users/chengchengkai/project-code/DataElit/datax-web-ui/src/icons/svg/chuangjianmulu.svg", "XML", 0, 0, 0, 0, 1, 0, 0, 0, 0, 0, 0, 1
"/Users/chengchengkai/project-code/DataElit/datax-web-ui/src/icons/svg/chuangjianyingyong.svg", "XML", 0, 0, 0, 0, 1, 0, 0, 0, 0, 0, 0, 1
"/Users/chengchengkai/project-code/DataElit/datax-web-ui/src/icons/svg/clipboard.svg", "XML", 0, 0, 0, 0, 1, 0, 0, 0, 0, 0, 0, 1
"/Users/chengchengkai/project-code/DataElit/datax-web-ui/src/icons/svg/component.svg", "XML", 0, 0, 0, 0, 1, 0, 0, 0, 0, 0, 0, 1
"/Users/chengchengkai/project-code/DataElit/datax-web-ui/src/icons/svg/dashboard.svg", "XML", 0, 0, 0, 0, 1, 0, 0, 0, 0, 0, 0, 1
"/Users/chengchengkai/project-code/DataElit/datax-web-ui/src/icons/svg/data-check.svg", "XML", 0, 0, 0, 0, 1, 0, 0, 0, 0, 0, 0, 1
"/Users/chengchengkai/project-code/DataElit/datax-web-ui/src/icons/svg/documentation.svg", "XML", 0, 0, 0, 0, 1, 0, 0, 0, 0, 0, 0, 1
"/Users/chengchengkai/project-code/DataElit/datax-web-ui/src/icons/svg/drag.svg", "XML", 0, 0, 0, 0, 1, 0, 0, 0, 0, 0, 0, 1
"/Users/chengchengkai/project-code/DataElit/datax-web-ui/src/icons/svg/edit.svg", "XML", 0, 0, 0, 0, 1, 0, 0, 0, 0, 0, 0, 1
"/Users/chengchengkai/project-code/DataElit/datax-web-ui/src/icons/svg/education.svg", "XML", 0, 0, 0, 0, 1, 0, 0, 0, 0, 0, 0, 1
"/Users/chengchengkai/project-code/DataElit/datax-web-ui/src/icons/svg/email.svg", "XML", 0, 0, 0, 0, 1, 0, 0, 0, 0, 0, 0, 1
"/Users/chengchengkai/project-code/DataElit/datax-web-ui/src/icons/svg/example.svg", "XML", 0, 0, 0, 0, 1, 0, 0, 0, 0, 0, 0, 1
"/Users/chengchengkai/project-code/DataElit/datax-web-ui/src/icons/svg/excel.svg", "XML", 0, 0, 0, 0, 1, 0, 0, 0, 0, 0, 0, 1
"/Users/chengchengkai/project-code/DataElit/datax-web-ui/src/icons/svg/exe-cfg.svg", "XML", 0, 0, 0, 0, 1, 0, 0, 0, 0, 0, 0, 1
"/Users/chengchengkai/project-code/DataElit/datax-web-ui/src/icons/svg/exit-fullscreen.svg", "XML", 0, 0, 0, 0, 1, 0, 0, 0, 0, 0, 0, 1
"/Users/chengchengkai/project-code/DataElit/datax-web-ui/src/icons/svg/eye-open.svg", "XML", 0, 0, 0, 0, 1, 0, 0, 0, 0, 0, 0, 1
"/Users/chengchengkai/project-code/DataElit/datax-web-ui/src/icons/svg/eye.svg", "XML", 0, 0, 0, 0, 1, 0, 0, 0, 0, 0, 0, 1
"/Users/chengchengkai/project-code/DataElit/datax-web-ui/src/icons/svg/fail.svg", "XML", 0, 0, 0, 0, 1, 0, 0, 0, 0, 0, 0, 1
"/Users/chengchengkai/project-code/DataElit/datax-web-ui/src/icons/svg/fenxi.svg", "XML", 0, 0, 0, 0, 1, 0, 0, 0, 0, 0, 0, 1
"/Users/chengchengkai/project-code/DataElit/datax-web-ui/src/icons/svg/fenxi_1.svg", "XML", 0, 0, 0, 0, 1, 0, 0, 0, 0, 0, 0, 1
"/Users/chengchengkai/project-code/DataElit/datax-web-ui/src/icons/svg/form.svg", "XML", 0, 0, 0, 0, 1, 0, 0, 0, 0, 0, 0, 1
"/Users/chengchengkai/project-code/DataElit/datax-web-ui/src/icons/svg/fullscreen.svg", "XML", 0, 0, 0, 0, 1, 0, 0, 0, 0, 0, 0, 1
"/Users/chengchengkai/project-code/DataElit/datax-web-ui/src/icons/svg/g-历史.svg", "XML", 0, 0, 0, 0, 1, 0, 0, 0, 0, 0, 0, 1
"/Users/chengchengkai/project-code/DataElit/datax-web-ui/src/icons/svg/g-层应用.svg", "XML", 0, 0, 0, 0, 1, 0, 0, 0, 0, 0, 0, 1
"/Users/chengchengkai/project-code/DataElit/datax-web-ui/src/icons/svg/g-执行.svg", "XML", 0, 0, 0, 0, 1, 0, 0, 0, 0, 0, 0, 1
"/Users/chengchengkai/project-code/DataElit/datax-web-ui/src/icons/svg/g-新建.svg", "XML", 0, 0, 0, 0, 1, 0, 0, 0, 0, 0, 0, 1
"/Users/chengchengkai/project-code/DataElit/datax-web-ui/src/icons/svg/g-暂停.svg", "XML", 0, 0, 0, 0, 1, 0, 0, 0, 0, 0, 0, 1
"/Users/chengchengkai/project-code/DataElit/datax-web-ui/src/icons/svg/g-更新.svg", "XML", 0, 0, 0, 0, 1, 0, 0, 0, 0, 0, 0, 1
"/Users/chengchengkai/project-code/DataElit/datax-web-ui/src/icons/svg/g-流程.svg", "XML", 0, 0, 0, 0, 1, 0, 0, 0, 0, 0, 0, 1
"/Users/chengchengkai/project-code/DataElit/datax-web-ui/src/icons/svg/g-添加.svg", "XML", 0, 0, 0, 0, 1, 0, 0, 0, 0, 0, 0, 1
"/Users/chengchengkai/project-code/DataElit/datax-web-ui/src/icons/svg/g-用户管理.svg", "XML", 0, 0, 0, 0, 1, 0, 0, 0, 0, 0, 0, 1
"/Users/chengchengkai/project-code/DataElit/datax-web-ui/src/icons/svg/g-空值校验.svg", "XML", 0, 0, 0, 0, 1, 0, 0, 0, 0, 0, 0, 1
"/Users/chengchengkai/project-code/DataElit/datax-web-ui/src/icons/svg/g-缺失性校验.svg", "XML", 0, 0, 0, 0, 1, 0, 0, 0, 0, 0, 0, 1
"/Users/chengchengkai/project-code/DataElit/datax-web-ui/src/icons/svg/g-角色权限.svg", "XML", 0, 0, 0, 0, 1, 0, 0, 0, 0, 0, 0, 1
"/Users/chengchengkai/project-code/DataElit/datax-web-ui/src/icons/svg/g-质量规则.svg", "XML", 0, 0, 0, 0, 1, 0, 0, 0, 0, 0, 0, 1
"/Users/chengchengkai/project-code/DataElit/datax-web-ui/src/icons/svg/g-重置密码.svg", "XML", 0, 0, 0, 0, 1, 0, 0, 0, 0, 0, 0, 1
"/Users/chengchengkai/project-code/DataElit/datax-web-ui/src/icons/svg/g-问题数据.svg", "XML", 0, 0, 0, 0, 1, 0, 0, 0, 0, 0, 0, 1
"/Users/chengchengkai/project-code/DataElit/datax-web-ui/src/icons/svg/g-阈值校验.svg", "XML", 0, 0, 0, 0, 1, 0, 0, 0, 0, 0, 0, 1
"/Users/chengchengkai/project-code/DataElit/datax-web-ui/src/icons/svg/github.svg", "XML", 0, 0, 0, 0, 1, 0, 0, 0, 0, 0, 0, 1
"/Users/chengchengkai/project-code/DataElit/datax-web-ui/src/icons/svg/gongxiangbeifen.svg", "XML", 0, 0, 0, 0, 1, 0, 0, 0, 0, 0, 0, 1
"/Users/chengchengkai/project-code/DataElit/datax-web-ui/src/icons/svg/govlogo.svg", "XML", 0, 0, 0, 0, 9, 0, 0, 0, 0, 1, 1, 11
"/Users/chengchengkai/project-code/DataElit/datax-web-ui/src/icons/svg/guanli.svg", "XML", 0, 0, 0, 0, 1, 0, 0, 0, 0, 0, 0, 1
"/Users/chengchengkai/project-code/DataElit/datax-web-ui/src/icons/svg/guanlizhongxin.svg", "XML", 0, 0, 0, 0, 1, 0, 0, 0, 0, 0, 0, 1
"/Users/chengchengkai/project-code/DataElit/datax-web-ui/src/icons/svg/guide.svg", "XML", 0, 0, 0, 0, 1, 0, 0, 0, 0, 0, 0, 1
"/Users/chengchengkai/project-code/DataElit/datax-web-ui/src/icons/svg/guize.svg", "XML", 0, 0, 0, 0, 1, 0, 0, 0, 0, 0, 0, 1
"/Users/chengchengkai/project-code/DataElit/datax-web-ui/src/icons/svg/guize_1.svg", "XML", 0, 0, 0, 0, 1, 0, 0, 0, 0, 0, 0, 1
"/Users/chengchengkai/project-code/DataElit/datax-web-ui/src/icons/svg/help.svg", "XML", 0, 0, 0, 0, 1, 0, 0, 0, 0, 0, 0, 1
"/Users/chengchengkai/project-code/DataElit/datax-web-ui/src/icons/svg/icon.svg", "XML", 0, 0, 0, 0, 1, 0, 0, 0, 0, 0, 0, 1
"/Users/chengchengkai/project-code/DataElit/datax-web-ui/src/icons/svg/json.svg", "XML", 0, 0, 0, 0, 1, 0, 0, 0, 0, 0, 0, 1
"/Users/chengchengkai/project-code/DataElit/datax-web-ui/src/icons/svg/jsongeshihua.svg", "XML", 0, 0, 0, 0, 1, 0, 0, 0, 0, 0, 0, 1
"/Users/chengchengkai/project-code/DataElit/datax-web-ui/src/icons/svg/jt.svg", "XML", 0, 0, 0, 0, 3, 0, 0, 0, 0, 0, 1, 4
"/Users/chengchengkai/project-code/DataElit/datax-web-ui/src/icons/svg/kaifajindu.svg", "XML", 0, 0, 0, 0, 1, 0, 0, 0, 0, 0, 0, 1
"/Users/chengchengkai/project-code/DataElit/datax-web-ui/src/icons/svg/language.svg", "XML", 0, 0, 0, 0, 1, 0, 0, 0, 0, 0, 0, 1
"/Users/chengchengkai/project-code/DataElit/datax-web-ui/src/icons/svg/link.svg", "XML", 0, 0, 0, 0, 1, 0, 0, 0, 0, 0, 0, 1
"/Users/chengchengkai/project-code/DataElit/datax-web-ui/src/icons/svg/list.svg", "XML", 0, 0, 0, 0, 1, 0, 0, 0, 0, 0, 0, 1
"/Users/chengchengkai/project-code/DataElit/datax-web-ui/src/icons/svg/lock.svg", "XML", 0, 0, 0, 0, 1, 0, 0, 0, 0, 0, 0, 1
"/Users/chengchengkai/project-code/DataElit/datax-web-ui/src/icons/svg/log.svg", "XML", 0, 0, 0, 0, 1, 0, 0, 0, 0, 0, 0, 1
"/Users/chengchengkai/project-code/DataElit/datax-web-ui/src/icons/svg/logo.svg", "XML", 0, 0, 0, 0, 1, 0, 0, 0, 0, 0, 0, 1
"/Users/chengchengkai/project-code/DataElit/datax-web-ui/src/icons/svg/map.svg", "XML", 0, 0, 0, 0, 7, 0, 0, 0, 0, 0, 1, 8
"/Users/chengchengkai/project-code/DataElit/datax-web-ui/src/icons/svg/message.svg", "XML", 0, 0, 0, 0, 1, 0, 0, 0, 0, 0, 0, 1
"/Users/chengchengkai/project-code/DataElit/datax-web-ui/src/icons/svg/metamod1.svg", "XML", 0, 0, 0, 0, 1, 0, 0, 0, 0, 0, 0, 1
"/Users/chengchengkai/project-code/DataElit/datax-web-ui/src/icons/svg/metamod10.svg", "XML", 0, 0, 0, 0, 1, 0, 0, 0, 0, 0, 0, 1
"/Users/chengchengkai/project-code/DataElit/datax-web-ui/src/icons/svg/metamod11.svg", "XML", 0, 0, 0, 0, 1, 0, 0, 0, 0, 0, 0, 1
"/Users/chengchengkai/project-code/DataElit/datax-web-ui/src/icons/svg/metamod12.svg", "XML", 0, 0, 0, 0, 1, 0, 0, 0, 0, 0, 0, 1
"/Users/chengchengkai/project-code/DataElit/datax-web-ui/src/icons/svg/metamod13.svg", "XML", 0, 0, 0, 0, 1, 0, 0, 0, 0, 0, 0, 1
"/Users/chengchengkai/project-code/DataElit/datax-web-ui/src/icons/svg/metamod14.svg", "XML", 0, 0, 0, 0, 1, 0, 0, 0, 0, 0, 0, 1
"/Users/chengchengkai/project-code/DataElit/datax-web-ui/src/icons/svg/metamod15.svg", "XML", 0, 0, 0, 0, 1, 0, 0, 0, 0, 0, 0, 1
"/Users/chengchengkai/project-code/DataElit/datax-web-ui/src/icons/svg/metamod16.svg", "XML", 0, 0, 0, 0, 1, 0, 0, 0, 0, 0, 0, 1
"/Users/chengchengkai/project-code/DataElit/datax-web-ui/src/icons/svg/metamod17.svg", "XML", 0, 0, 0, 0, 1, 0, 0, 0, 0, 0, 0, 1
"/Users/chengchengkai/project-code/DataElit/datax-web-ui/src/icons/svg/metamod18.svg", "XML", 0, 0, 0, 0, 1, 0, 0, 0, 0, 0, 0, 1
"/Users/chengchengkai/project-code/DataElit/datax-web-ui/src/icons/svg/metamod19.svg", "XML", 0, 0, 0, 0, 1, 0, 0, 0, 0, 0, 0, 1
"/Users/chengchengkai/project-code/DataElit/datax-web-ui/src/icons/svg/metamod2.svg", "XML", 0, 0, 0, 0, 1, 0, 0, 0, 0, 0, 0, 1
"/Users/chengchengkai/project-code/DataElit/datax-web-ui/src/icons/svg/metamod20.svg", "XML", 0, 0, 0, 0, 1, 0, 0, 0, 0, 0, 0, 1
"/Users/chengchengkai/project-code/DataElit/datax-web-ui/src/icons/svg/metamod21.svg", "XML", 0, 0, 0, 0, 1, 0, 0, 0, 0, 0, 0, 1
"/Users/chengchengkai/project-code/DataElit/datax-web-ui/src/icons/svg/metamod22.svg", "XML", 0, 0, 0, 0, 1, 0, 0, 0, 0, 0, 0, 1
"/Users/chengchengkai/project-code/DataElit/datax-web-ui/src/icons/svg/metamod23.svg", "XML", 0, 0, 0, 0, 1, 0, 0, 0, 0, 0, 0, 1
"/Users/chengchengkai/project-code/DataElit/datax-web-ui/src/icons/svg/metamod24.svg", "XML", 0, 0, 0, 0, 1, 0, 0, 0, 0, 0, 0, 1
"/Users/chengchengkai/project-code/DataElit/datax-web-ui/src/icons/svg/metamod25.svg", "XML", 0, 0, 0, 0, 1, 0, 0, 0, 0, 0, 0, 1
"/Users/chengchengkai/project-code/DataElit/datax-web-ui/src/icons/svg/metamod26.svg", "XML", 0, 0, 0, 0, 1, 0, 0, 0, 0, 0, 0, 1
"/Users/chengchengkai/project-code/DataElit/datax-web-ui/src/icons/svg/metamod27.svg", "XML", 0, 0, 0, 0, 1, 0, 0, 0, 0, 0, 0, 1
"/Users/chengchengkai/project-code/DataElit/datax-web-ui/src/icons/svg/metamod28.svg", "XML", 0, 0, 0, 0, 1, 0, 0, 0, 0, 0, 0, 1
"/Users/chengchengkai/project-code/DataElit/datax-web-ui/src/icons/svg/metamod29.svg", "XML", 0, 0, 0, 0, 1, 0, 0, 0, 0, 0, 0, 1
"/Users/chengchengkai/project-code/DataElit/datax-web-ui/src/icons/svg/metamod3.svg", "XML", 0, 0, 0, 0, 1, 0, 0, 0, 0, 0, 0, 1
"/Users/chengchengkai/project-code/DataElit/datax-web-ui/src/icons/svg/metamod30.svg", "XML", 0, 0, 0, 0, 1, 0, 0, 0, 0, 0, 0, 1
"/Users/chengchengkai/project-code/DataElit/datax-web-ui/src/icons/svg/metamod31.svg", "XML", 0, 0, 0, 0, 1, 0, 0, 0, 0, 0, 0, 1
"/Users/chengchengkai/project-code/DataElit/datax-web-ui/src/icons/svg/metamod32.svg", "XML", 0, 0, 0, 0, 1, 0, 0, 0, 0, 0, 0, 1
"/Users/chengchengkai/project-code/DataElit/datax-web-ui/src/icons/svg/metamod4.svg", "XML", 0, 0, 0, 0, 1, 0, 0, 0, 0, 0, 0, 1
"/Users/chengchengkai/project-code/DataElit/datax-web-ui/src/icons/svg/metamod5.svg", "XML", 0, 0, 0, 0, 1, 0, 0, 0, 0, 0, 0, 1
"/Users/chengchengkai/project-code/DataElit/datax-web-ui/src/icons/svg/metamod6.svg", "XML", 0, 0, 0, 0, 1, 0, 0, 0, 0, 0, 0, 1
"/Users/chengchengkai/project-code/DataElit/datax-web-ui/src/icons/svg/metamod7.svg", "XML", 0, 0, 0, 0, 1, 0, 0, 0, 0, 0, 0, 1
"/Users/chengchengkai/project-code/DataElit/datax-web-ui/src/icons/svg/metamod8.svg", "XML", 0, 0, 0, 0, 1, 0, 0, 0, 0, 0, 0, 1
"/Users/chengchengkai/project-code/DataElit/datax-web-ui/src/icons/svg/metamod9.svg", "XML", 0, 0, 0, 0, 1, 0, 0, 0, 0, 0, 0, 1
"/Users/chengchengkai/project-code/DataElit/datax-web-ui/src/icons/svg/money.svg", "XML", 0, 0, 0, 0, 1, 0, 0, 0, 0, 0, 0, 1
"/Users/chengchengkai/project-code/DataElit/datax-web-ui/src/icons/svg/nav1-1.svg", "XML", 0, 0, 0, 0, 1, 0, 0, 0, 0, 0, 0, 1
"/Users/chengchengkai/project-code/DataElit/datax-web-ui/src/icons/svg/nav1-2.svg", "XML", 0, 0, 0, 0, 1, 0, 0, 0, 0, 0, 0, 1
"/Users/chengchengkai/project-code/DataElit/datax-web-ui/src/icons/svg/nav1-3.svg", "XML", 0, 0, 0, 0, 1, 0, 0, 0, 0, 0, 0, 1
"/Users/chengchengkai/project-code/DataElit/datax-web-ui/src/icons/svg/nav1-4.svg", "XML", 0, 0, 0, 0, 1, 0, 0, 0, 0, 0, 0, 1
"/Users/chengchengkai/project-code/DataElit/datax-web-ui/src/icons/svg/nav2-1.svg", "XML", 0, 0, 0, 0, 1, 0, 0, 0, 0, 0, 0, 1
"/Users/chengchengkai/project-code/DataElit/datax-web-ui/src/icons/svg/nav2-2.svg", "XML", 0, 0, 0, 0, 1, 0, 0, 0, 0, 0, 0, 1
"/Users/chengchengkai/project-code/DataElit/datax-web-ui/src/icons/svg/nav2-3.svg", "XML", 0, 0, 0, 0, 1, 0, 0, 0, 0, 0, 0, 1
"/Users/chengchengkai/project-code/DataElit/datax-web-ui/src/icons/svg/nav2-4.svg", "XML", 0, 0, 0, 0, 1, 0, 0, 0, 0, 0, 0, 1
"/Users/chengchengkai/project-code/DataElit/datax-web-ui/src/icons/svg/nav2-5.svg", "XML", 0, 0, 0, 0, 1, 0, 0, 0, 0, 0, 0, 1
"/Users/chengchengkai/project-code/DataElit/datax-web-ui/src/icons/svg/nav3-1.svg", "XML", 0, 0, 0, 0, 1, 0, 0, 0, 0, 0, 0, 1
"/Users/chengchengkai/project-code/DataElit/datax-web-ui/src/icons/svg/nav3-2.svg", "XML", 0, 0, 0, 0, 1, 0, 0, 0, 0, 0, 0, 1
"/Users/chengchengkai/project-code/DataElit/datax-web-ui/src/icons/svg/nav3-3.svg", "XML", 0, 0, 0, 0, 1, 0, 0, 0, 0, 0, 0, 1
"/Users/chengchengkai/project-code/DataElit/datax-web-ui/src/icons/svg/nav3-4.svg", "XML", 0, 0, 0, 0, 1, 0, 0, 0, 0, 0, 0, 1
"/Users/chengchengkai/project-code/DataElit/datax-web-ui/src/icons/svg/nav4-1.svg", "XML", 0, 0, 0, 0, 1, 0, 0, 0, 0, 0, 0, 1
"/Users/chengchengkai/project-code/DataElit/datax-web-ui/src/icons/svg/nav4-2.svg", "XML", 0, 0, 0, 0, 1, 0, 0, 0, 0, 0, 0, 1
"/Users/chengchengkai/project-code/DataElit/datax-web-ui/src/icons/svg/nav4-3.svg", "XML", 0, 0, 0, 0, 1, 0, 0, 0, 0, 0, 0, 1
"/Users/chengchengkai/project-code/DataElit/datax-web-ui/src/icons/svg/nav5-1.svg", "XML", 0, 0, 0, 0, 1, 0, 0, 0, 0, 0, 0, 1
"/Users/chengchengkai/project-code/DataElit/datax-web-ui/src/icons/svg/nav5-2.svg", "XML", 0, 0, 0, 0, 1, 0, 0, 0, 0, 0, 0, 1
"/Users/chengchengkai/project-code/DataElit/datax-web-ui/src/icons/svg/nav6-1.svg", "XML", 0, 0, 0, 0, 1, 0, 0, 0, 0, 0, 0, 1
"/Users/chengchengkai/project-code/DataElit/datax-web-ui/src/icons/svg/nav6-2.svg", "XML", 0, 0, 0, 0, 1, 0, 0, 0, 0, 0, 0, 1
"/Users/chengchengkai/project-code/DataElit/datax-web-ui/src/icons/svg/nav6-3.svg", "XML", 0, 0, 0, 0, 1, 0, 0, 0, 0, 0, 0, 1
"/Users/chengchengkai/project-code/DataElit/datax-web-ui/src/icons/svg/nav6-4.svg", "XML", 0, 0, 0, 0, 1, 0, 0, 0, 0, 0, 0, 1
"/Users/chengchengkai/project-code/DataElit/datax-web-ui/src/icons/svg/nav6-5.svg", "XML", 0, 0, 0, 0, 1, 0, 0, 0, 0, 0, 0, 1
"/Users/chengchengkai/project-code/DataElit/datax-web-ui/src/icons/svg/nested.svg", "XML", 0, 0, 0, 0, 1, 0, 0, 0, 0, 0, 0, 1
"/Users/chengchengkai/project-code/DataElit/datax-web-ui/src/icons/svg/password.svg", "XML", 0, 0, 0, 0, 1, 0, 0, 0, 0, 0, 0, 1
"/Users/chengchengkai/project-code/DataElit/datax-web-ui/src/icons/svg/pdf.svg", "XML", 0, 0, 0, 0, 1, 0, 0, 0, 0, 0, 0, 1
"/Users/chengchengkai/project-code/DataElit/datax-web-ui/src/icons/svg/people.svg", "XML", 0, 0, 0, 0, 1, 0, 0, 0, 0, 0, 0, 1
"/Users/chengchengkai/project-code/DataElit/datax-web-ui/src/icons/svg/peoples.svg", "XML", 0, 0, 0, 0, 1, 0, 0, 0, 0, 0, 0, 1
"/Users/chengchengkai/project-code/DataElit/datax-web-ui/src/icons/svg/project.svg", "XML", 0, 0, 0, 0, 1, 0, 0, 0, 0, 0, 0, 1
"/Users/chengchengkai/project-code/DataElit/datax-web-ui/src/icons/svg/qq.svg", "XML", 0, 0, 0, 0, 1, 0, 0, 0, 0, 0, 0, 1
"/Users/chengchengkai/project-code/DataElit/datax-web-ui/src/icons/svg/renwu.svg", "XML", 0, 0, 0, 0, 1, 0, 0, 0, 0, 0, 0, 1
"/Users/chengchengkai/project-code/DataElit/datax-web-ui/src/icons/svg/renwu_1.svg", "XML", 0, 0, 0, 0, 1, 0, 0, 0, 0, 0, 0, 1
"/Users/chengchengkai/project-code/DataElit/datax-web-ui/src/icons/svg/running.svg", "XML", 0, 0, 0, 0, 1, 0, 0, 0, 0, 0, 0, 1
"/Users/chengchengkai/project-code/DataElit/datax-web-ui/src/icons/svg/search.svg", "XML", 0, 0, 0, 0, 1, 0, 0, 0, 0, 0, 0, 1
"/Users/chengchengkai/project-code/DataElit/datax-web-ui/src/icons/svg/shenhe.svg", "XML", 0, 0, 0, 0, 1, 0, 0, 0, 0, 0, 0, 1
"/Users/chengchengkai/project-code/DataElit/datax-web-ui/src/icons/svg/shezhi.svg", "XML", 0, 0, 0, 0, 1, 0, 0, 0, 0, 0, 0, 1
"/Users/chengchengkai/project-code/DataElit/datax-web-ui/src/icons/svg/shopping.svg", "XML", 0, 0, 0, 0, 1, 0, 0, 0, 0, 0, 0, 1
"/Users/chengchengkai/project-code/DataElit/datax-web-ui/src/icons/svg/shuju.svg", "XML", 0, 0, 0, 0, 1, 0, 0, 0, 0, 0, 0, 1
"/Users/chengchengkai/project-code/DataElit/datax-web-ui/src/icons/svg/shujujiguanli.svg", "XML", 0, 0, 0, 0, 1, 0, 0, 0, 0, 0, 0, 1
"/Users/chengchengkai/project-code/DataElit/datax-web-ui/src/icons/svg/shujuzhiliang.svg", "XML", 0, 0, 0, 0, 1, 0, 0, 0, 0, 0, 0, 1
"/Users/chengchengkai/project-code/DataElit/datax-web-ui/src/icons/svg/size.svg", "XML", 0, 0, 0, 0, 1, 0, 0, 0, 0, 0, 0, 1
"/Users/chengchengkai/project-code/DataElit/datax-web-ui/src/icons/svg/skill.svg", "XML", 0, 0, 0, 0, 1, 0, 0, 0, 0, 0, 0, 1
"/Users/chengchengkai/project-code/DataElit/datax-web-ui/src/icons/svg/sql.svg", "XML", 0, 0, 0, 0, 1, 0, 0, 0, 0, 0, 0, 1
"/Users/chengchengkai/project-code/DataElit/datax-web-ui/src/icons/svg/star.svg", "XML", 0, 0, 0, 0, 1, 0, 0, 0, 0, 0, 0, 1
"/Users/chengchengkai/project-code/DataElit/datax-web-ui/src/icons/svg/success.svg", "XML", 0, 0, 0, 0, 1, 0, 0, 0, 0, 0, 0, 1
"/Users/chengchengkai/project-code/DataElit/datax-web-ui/src/icons/svg/tab.svg", "XML", 0, 0, 0, 0, 1, 0, 0, 0, 0, 0, 0, 1
"/Users/chengchengkai/project-code/DataElit/datax-web-ui/src/icons/svg/table.svg", "XML", 0, 0, 0, 0, 1, 0, 0, 0, 0, 0, 0, 1
"/Users/chengchengkai/project-code/DataElit/datax-web-ui/src/icons/svg/task-cfg.svg", "XML", 0, 0, 0, 0, 1, 0, 0, 0, 0, 0, 0, 1
"/Users/chengchengkai/project-code/DataElit/datax-web-ui/src/icons/svg/task-tmp.svg", "XML", 0, 0, 0, 0, 1, 0, 0, 0, 0, 0, 0, 1
"/Users/chengchengkai/project-code/DataElit/datax-web-ui/src/icons/svg/theme.svg", "XML", 0, 0, 0, 0, 1, 0, 0, 0, 0, 0, 0, 1
"/Users/chengchengkai/project-code/DataElit/datax-web-ui/src/icons/svg/tree-table.svg", "XML", 0, 0, 0, 0, 1, 0, 0, 0, 0, 0, 0, 1
"/Users/chengchengkai/project-code/DataElit/datax-web-ui/src/icons/svg/tree.svg", "XML", 0, 0, 0, 0, 1, 0, 0, 0, 0, 0, 0, 1
"/Users/chengchengkai/project-code/DataElit/datax-web-ui/src/icons/svg/user-cfg.svg", "XML", 0, 0, 0, 0, 1, 0, 0, 0, 0, 0, 0, 1
"/Users/chengchengkai/project-code/DataElit/datax-web-ui/src/icons/svg/user.svg", "XML", 0, 0, 0, 0, 1, 0, 0, 0, 0, 0, 0, 1
"/Users/chengchengkai/project-code/DataElit/datax-web-ui/src/icons/svg/wechat.svg", "XML", 0, 0, 0, 0, 1, 0, 0, 0, 0, 0, 0, 1
"/Users/chengchengkai/project-code/DataElit/datax-web-ui/src/icons/svg/work.svg", "XML", 0, 0, 0, 0, 1, 0, 0, 0, 0, 0, 0, 1
"/Users/chengchengkai/project-code/DataElit/datax-web-ui/src/icons/svg/yun.svg", "XML", 0, 0, 0, 0, 1, 0, 0, 0, 0, 0, 0, 1
"/Users/chengchengkai/project-code/DataElit/datax-web-ui/src/icons/svg/zip.svg", "XML", 0, 0, 0, 0, 1, 0, 0, 0, 0, 0, 0, 1
"/Users/chengchengkai/project-code/DataElit/datax-web-ui/src/icons/svg/上传.svg", "XML", 0, 0, 0, 0, 1, 0, 0, 0, 0, 0, 0, 1
"/Users/chengchengkai/project-code/DataElit/datax-web-ui/src/icons/svg/下载.svg", "XML", 0, 0, 0, 0, 1, 0, 0, 0, 0, 0, 0, 1
"/Users/chengchengkai/project-code/DataElit/datax-web-ui/src/icons/svg/主键.svg", "XML", 0, 0, 0, 0, 1, 0, 0, 0, 0, 0, 0, 1
"/Users/chengchengkai/project-code/DataElit/datax-web-ui/src/icons/svg/仪表盘.svg", "XML", 0, 0, 0, 0, 1, 0, 0, 0, 0, 0, 0, 1
"/Users/chengchengkai/project-code/DataElit/datax-web-ui/src/icons/svg/分享.svg", "XML", 0, 0, 0, 0, 1, 0, 0, 0, 0, 0, 0, 1
"/Users/chengchengkai/project-code/DataElit/datax-web-ui/src/icons/svg/删除.svg", "XML", 0, 0, 0, 0, 1, 0, 0, 0, 0, 0, 1, 2
"/Users/chengchengkai/project-code/DataElit/datax-web-ui/src/icons/svg/增加.svg", "XML", 0, 0, 0, 0, 1, 0, 0, 0, 0, 0, 0, 1
"/Users/chengchengkai/project-code/DataElit/datax-web-ui/src/icons/svg/外键.svg", "XML", 0, 0, 0, 0, 1, 0, 0, 0, 0, 0, 1, 2
"/Users/chengchengkai/project-code/DataElit/datax-web-ui/src/icons/svg/字段.svg", "XML", 0, 0, 0, 0, 1, 0, 0, 0, 0, 0, 0, 1
"/Users/chengchengkai/project-code/DataElit/datax-web-ui/src/icons/svg/审核.svg", "XML", 0, 0, 0, 0, 1, 0, 0, 0, 0, 0, 0, 1
"/Users/chengchengkai/project-code/DataElit/datax-web-ui/src/icons/svg/数据地图.svg", "XML", 0, 0, 0, 0, 1, 0, 0, 0, 0, 0, 0, 1
"/Users/chengchengkai/project-code/DataElit/datax-web-ui/src/icons/svg/数据库.svg", "XML", 0, 0, 0, 0, 1, 0, 0, 0, 0, 0, 0, 1
"/Users/chengchengkai/project-code/DataElit/datax-web-ui/src/icons/svg/数据源管理.svg", "XML", 0, 0, 0, 0, 1, 0, 0, 0, 0, 0, 0, 1
"/Users/chengchengkai/project-code/DataElit/datax-web-ui/src/icons/svg/文件 copy.svg", "XML", 0, 0, 0, 0, 1, 0, 0, 0, 0, 0, 0, 1
"/Users/chengchengkai/project-code/DataElit/datax-web-ui/src/icons/svg/文件.svg", "XML", 0, 0, 0, 0, 1, 0, 0, 0, 0, 0, 0, 1
"/Users/chengchengkai/project-code/DataElit/datax-web-ui/src/icons/svg/文件夹 copy.svg", "XML", 0, 0, 0, 0, 1, 0, 0, 0, 0, 0, 2, 3
"/Users/chengchengkai/project-code/DataElit/datax-web-ui/src/icons/svg/文件夹.svg", "XML", 0, 0, 0, 0, 1, 0, 0, 0, 0, 0, 2, 3
"/Users/chengchengkai/project-code/DataElit/datax-web-ui/src/icons/svg/添加.svg", "XML", 0, 0, 0, 0, 1, 0, 0, 0, 0, 0, 0, 1
"/Users/chengchengkai/project-code/DataElit/datax-web-ui/src/icons/svg/添加数据源.svg", "XML", 0, 0, 0, 0, 1, 0, 0, 0, 0, 0, 0, 1
"/Users/chengchengkai/project-code/DataElit/datax-web-ui/src/icons/svg/点击.svg", "XML", 0, 0, 0, 0, 1, 0, 0, 0, 0, 0, 0, 1
"/Users/chengchengkai/project-code/DataElit/datax-web-ui/src/icons/svg/编辑.svg", "XML", 0, 0, 0, 0, 1, 0, 0, 0, 0, 0, 0, 1
"/Users/chengchengkai/project-code/DataElit/datax-web-ui/src/icons/svg/编辑1.svg", "XML", 0, 0, 0, 0, 1, 0, 0, 0, 0, 0, 1, 2
"/Users/chengchengkai/project-code/DataElit/datax-web-ui/src/icons/svg/表格.svg", "XML", 0, 0, 0, 0, 1, 0, 0, 0, 0, 0, 0, 1
"/Users/chengchengkai/project-code/DataElit/datax-web-ui/src/icons/svgo.yml", "YAML", 0, 0, 5, 0, 0, 0, 0, 0, 0, 13, 5, 23
"/Users/chengchengkai/project-code/DataElit/datax-web-ui/src/layout/components/AppMain.vue", "Vue", 0, 0, 0, 49, 0, 0, 0, 0, 0, 4, 7, 60
"/Users/chengchengkai/project-code/DataElit/datax-web-ui/src/layout/components/Navbar.vue", "Vue", 0, 0, 0, 132, 0, 0, 0, 0, 0, 0, 24, 156
"/Users/chengchengkai/project-code/DataElit/datax-web-ui/src/layout/components/Settings/index.vue", "Vue", 0, 0, 0, 97, 0, 0, 0, 0, 0, 0, 12, 109
"/Users/chengchengkai/project-code/DataElit/datax-web-ui/src/layout/components/Sidebar/FixiOSBug.js", "JavaScript", 24, 0, 0, 0, 0, 0, 0, 0, 0, 2, 1, 27
"/Users/chengchengkai/project-code/DataElit/datax-web-ui/src/layout/components/Sidebar/Item.vue", "Vue", 0, 0, 0, 27, 0, 0, 0, 0, 0, 0, 3, 30
"/Users/chengchengkai/project-code/DataElit/datax-web-ui/src/layout/components/Sidebar/Link.vue", "Vue", 0, 0, 0, 33, 0, 0, 0, 0, 0, 0, 4, 37
"/Users/chengchengkai/project-code/DataElit/datax-web-ui/src/layout/components/Sidebar/Logo.vue", "Vue", 0, 0, 0, 74, 0, 0, 0, 0, 0, 0, 9, 83
"/Users/chengchengkai/project-code/DataElit/datax-web-ui/src/layout/components/Sidebar/SidebarItem.vue", "Vue", 0, 0, 0, 83, 0, 0, 0, 0, 0, 6, 7, 96
"/Users/chengchengkai/project-code/DataElit/datax-web-ui/src/layout/components/Sidebar/index.vue", "Vue", 0, 0, 0, 68, 0, 0, 0, 0, 0, 1, 4, 73
"/Users/chengchengkai/project-code/DataElit/datax-web-ui/src/layout/components/TagsView/ScrollPane.vue", "Vue", 0, 0, 0, 72, 0, 0, 0, 0, 0, 4, 10, 86
"/Users/chengchengkai/project-code/DataElit/datax-web-ui/src/layout/components/TagsView/index.vue", "Vue", 0, 0, 0, 274, 0, 0, 0, 0, 0, 8, 7, 289
"/Users/chengchengkai/project-code/DataElit/datax-web-ui/src/layout/components/index.js", "JavaScript", 5, 0, 0, 0, 0, 0, 0, 0, 0, 0, 1, 6
"/Users/chengchengkai/project-code/DataElit/datax-web-ui/src/layout/index.vue", "Vue", 0, 0, 0, 93, 0, 0, 0, 0, 0, 0, 10, 103
"/Users/chengchengkai/project-code/DataElit/datax-web-ui/src/layout/mixin/ResizeHandler.js", "JavaScript", 40, 0, 0, 0, 0, 0, 0, 0, 0, 2, 4, 46
"/Users/chengchengkai/project-code/DataElit/datax-web-ui/src/main.js", "JavaScript", 49, 0, 0, 0, 0, 0, 0, 0, 0, 14, 19, 82
"/Users/chengchengkai/project-code/DataElit/datax-web-ui/src/otherUrl/otherUrl.js", "JavaScript", 28, 0, 0, 0, 0, 0, 0, 0, 0, 5, 4, 37
"/Users/chengchengkai/project-code/DataElit/datax-web-ui/src/permission.js", "JavaScript", 47, 0, 0, 0, 0, 0, 0, 0, 0, 16, 11, 74
"/Users/chengchengkai/project-code/DataElit/datax-web-ui/src/router/index.js", "JavaScript", 440, 0, 0, 0, 0, 0, 0, 0, 0, 141, 20, 601
"/Users/chengchengkai/project-code/DataElit/datax-web-ui/src/router/modules/tool.js", "JavaScript", 20, 0, 0, 0, 0, 0, 0, 0, 0, 2, 5, 27
"/Users/chengchengkai/project-code/DataElit/datax-web-ui/src/settings.js", "JavaScript", 8, 0, 0, 0, 0, 0, 0, 0, 0, 22, 6, 36
"/Users/chengchengkai/project-code/DataElit/datax-web-ui/src/store/getters.js", "JavaScript", 15, 0, 0, 0, 0, 0, 0, 0, 0, 0, 1, 16
"/Users/chengchengkai/project-code/DataElit/datax-web-ui/src/store/index.js", "JavaScript", 16, 0, 0, 0, 0, 0, 0, 0, 0, 4, 6, 26
"/Users/chengchengkai/project-code/DataElit/datax-web-ui/src/store/modules/app.js", "JavaScript", 52, 0, 0, 0, 0, 0, 0, 0, 0, 0, 5, 57
"/Users/chengchengkai/project-code/DataElit/datax-web-ui/src/store/modules/dataModel.js", "JavaScript", 97, 0, 0, 0, 0, 0, 0, 0, 0, 4, 19, 120
"/Users/chengchengkai/project-code/DataElit/datax-web-ui/src/store/modules/errorLog.js", "JavaScript", 25, 0, 0, 0, 0, 0, 0, 0, 0, 0, 4, 29
"/Users/chengchengkai/project-code/DataElit/datax-web-ui/src/store/modules/graphQL.js", "JavaScript", 23, 0, 0, 0, 0, 0, 0, 0, 0, 0, 4, 27
"/Users/chengchengkai/project-code/DataElit/datax-web-ui/src/store/modules/permission.js", "JavaScript", 51, 0, 0, 0, 0, 0, 0, 0, 0, 10, 9, 70
"/Users/chengchengkai/project-code/DataElit/datax-web-ui/src/store/modules/settings.js", "JavaScript", 28, 0, 0, 0, 0, 0, 0, 0, 0, 0, 7, 35
"/Users/chengchengkai/project-code/DataElit/datax-web-ui/src/store/modules/tagsView.js", "JavaScript", 153, 0, 0, 0, 0, 0, 0, 0, 0, 1, 12, 166
"/Users/chengchengkai/project-code/DataElit/datax-web-ui/src/store/modules/user.js", "JavaScript", 89, 0, 0, 0, 0, 0, 0, 0, 0, 19, 16, 124
"/Users/chengchengkai/project-code/DataElit/datax-web-ui/src/styles/btn.scss", "SCSS", 0, 0, 0, 0, 0, 83, 0, 0, 0, 0, 17, 100
"/Users/chengchengkai/project-code/DataElit/datax-web-ui/src/styles/element-ui.scss", "SCSS", 0, 0, 0, 0, 0, 61, 0, 0, 0, 5, 14, 80
"/Users/chengchengkai/project-code/DataElit/datax-web-ui/src/styles/element-variables.scss", "SCSS", 0, 0, 0, 0, 0, 13, 0, 0, 0, 10, 9, 32
"/Users/chengchengkai/project-code/DataElit/datax-web-ui/src/styles/index.scss", "SCSS", 0, 0, 0, 0, 0, 154, 0, 0, 0, 2, 36, 192
"/Users/chengchengkai/project-code/DataElit/datax-web-ui/src/styles/mixin.scss", "SCSS", 0, 0, 0, 0, 0, 56, 0, 0, 0, 0, 11, 67
"/Users/chengchengkai/project-code/DataElit/datax-web-ui/src/styles/sidebar.scss", "SCSS", 0, 0, 0, 0, 0, 178, 0, 0, 0, 6, 39, 223
"/Users/chengchengkai/project-code/DataElit/datax-web-ui/src/styles/transition.scss", "SCSS", 0, 0, 0, 0, 0, 35, 0, 0, 0, 4, 10, 49
"/Users/chengchengkai/project-code/DataElit/datax-web-ui/src/styles/variables.scss", "SCSS", 0, 0, 0, 0, 0, 26, 0, 0, 0, 4, 5, 35
"/Users/chengchengkai/project-code/DataElit/datax-web-ui/src/utils/auth.js", "JavaScript", 11, 0, 0, 0, 0, 0, 0, 0, 0, 0, 5, 16
"/Users/chengchengkai/project-code/DataElit/datax-web-ui/src/utils/clipboard.js", "JavaScript", 33, 0, 0, 0, 0, 0, 0, 0, 0, 0, 4, 37
"/Users/chengchengkai/project-code/DataElit/datax-web-ui/src/utils/error-log.js", "JavaScript", 28, 0, 0, 0, 0, 0, 0, 0, 0, 4, 4, 36
"/Users/chengchengkai/project-code/DataElit/datax-web-ui/src/utils/get-page-title.js", "JavaScript", 8, 0, 0, 0, 0, 0, 0, 0, 0, 0, 3, 11
"/Users/chengchengkai/project-code/DataElit/datax-web-ui/src/utils/graphql.js", "JavaScript", 12, 0, 0, 0, 0, 0, 0, 0, 0, 1, 2, 15
"/Users/chengchengkai/project-code/DataElit/datax-web-ui/src/utils/index.js", "JavaScript", 231, 0, 0, 0, 0, 0, 0, 0, 0, 95, 25, 351
"/Users/chengchengkai/project-code/DataElit/datax-web-ui/src/utils/open-window.js", "JavaScript", 12, 0, 0, 0, 0, 0, 0, 0, 0, 9, 5, 26
"/Users/chengchengkai/project-code/DataElit/datax-web-ui/src/utils/otherUtils.js", "JavaScript", 65, 0, 0, 0, 0, 0, 0, 0, 0, 23, 7, 95
"/Users/chengchengkai/project-code/DataElit/datax-web-ui/src/utils/permission.js", "JavaScript", 17, 0, 0, 0, 0, 0, 0, 0, 0, 5, 4, 26
"/Users/chengchengkai/project-code/DataElit/datax-web-ui/src/utils/regExp.js", "JavaScript", 4, 0, 0, 0, 0, 0, 0, 0, 0, 3, 2, 9
"/Users/chengchengkai/project-code/DataElit/datax-web-ui/src/utils/request.js", "JavaScript", 68, 0, 0, 0, 0, 0, 0, 0, 0, 24, 9, 101
"/Users/chengchengkai/project-code/DataElit/datax-web-ui/src/utils/scroll-to.js", "JavaScript", 39, 0, 0, 0, 0, 0, 0, 0, 0, 15, 5, 59
"/Users/chengchengkai/project-code/DataElit/datax-web-ui/src/utils/validate.js", "JavaScript", 50, 0, 0, 0, 0, 0, 0, 0, 0, 45, 11, 106
"/Users/chengchengkai/project-code/DataElit/datax-web-ui/src/vendor/Export2Excel.js", "JavaScript", 180, 0, 0, 0, 0, 0, 0, 0, 0, 15, 26, 221
"/Users/chengchengkai/project-code/DataElit/datax-web-ui/src/vendor/Export2Zip.js", "JavaScript", 22, 0, 0, 0, 0, 0, 0, 0, 0, 1, 2, 25
"/Users/chengchengkai/project-code/DataElit/datax-web-ui/src/views/cloudbeaver/components/createLink.vue", "Vue", 0, 0, 0, 273, 0, 0, 0, 0, 0, 3, 3, 279
"/Users/chengchengkai/project-code/DataElit/datax-web-ui/src/views/cloudbeaver/index.vue", "Vue", 0, 0, 0, 129, 0, 0, 0, 0, 0, 5, 2, 136
"/Users/chengchengkai/project-code/DataElit/datax-web-ui/src/views/cloudbeaveratlas/components/createNewEntityDialog.vue", "Vue", 0, 0, 0, 113, 0, 0, 0, 0, 0, 19, 5, 137
"/Users/chengchengkai/project-code/DataElit/datax-web-ui/src/views/cloudbeaveratlas/components/rightPanelDetails.vue", "Vue", 0, 0, 0, 449, 0, 0, 0, 0, 0, 40, 4, 493
"/Users/chengchengkai/project-code/DataElit/datax-web-ui/src/views/cloudbeaveratlas/components/rightPanelSearch.vue", "Vue", 0, 0, 0, 169, 0, 0, 0, 0, 0, 8, 5, 182
"/Users/chengchengkai/project-code/DataElit/datax-web-ui/src/views/cloudbeaveratlas/components/rightPanelTable.vue", "Vue", 0, 0, 0, 246, 0, 0, 0, 0, 0, 35, 15, 296
"/Users/chengchengkai/project-code/DataElit/datax-web-ui/src/views/cloudbeaveratlas/index.vue", "Vue", 0, 0, 0, 528, 0, 0, 0, 0, 0, 99, 19, 646
"/Users/chengchengkai/project-code/DataElit/datax-web-ui/src/views/cloudbeaveratlas/metaCompare.vue", "Vue", 0, 0, 0, 195, 0, 0, 0, 0, 0, 3, 25, 223
"/Users/chengchengkai/project-code/DataElit/datax-web-ui/src/views/dashboard/admin/components/BarChart.vue", "Vue", 0, 0, 0, 98, 0, 0, 0, 0, 0, 0, 5, 103
"/Users/chengchengkai/project-code/DataElit/datax-web-ui/src/views/dashboard/admin/components/BoxCard.vue", "Vue", 0, 0, 0, 114, 0, 0, 0, 0, 0, 0, 5, 119
"/Users/chengchengkai/project-code/DataElit/datax-web-ui/src/views/dashboard/admin/components/LineChart.vue", "Vue", 0, 0, 0, 133, 0, 0, 0, 0, 0, 0, 3, 136
"/Users/chengchengkai/project-code/DataElit/datax-web-ui/src/views/dashboard/admin/components/PanelGroup.vue", "Vue", 0, 0, 0, 167, 0, 0, 0, 0, 0, 0, 25, 192
"/Users/chengchengkai/project-code/DataElit/datax-web-ui/src/views/dashboard/admin/components/PieChart.vue", "Vue", 0, 0, 0, 76, 0, 0, 0, 0, 0, 0, 4, 80
"/Users/chengchengkai/project-code/DataElit/datax-web-ui/src/views/dashboard/admin/components/RaddarChart.vue", "Vue", 0, 0, 0, 112, 0, 0, 0, 0, 0, 0, 5, 117
"/Users/chengchengkai/project-code/DataElit/datax-web-ui/src/views/dashboard/admin/components/TodoList/Todo.vue", "Vue", 0, 0, 0, 80, 0, 0, 0, 0, 0, 0, 2, 82
"/Users/chengchengkai/project-code/DataElit/datax-web-ui/src/views/dashboard/admin/components/TodoList/index.scss", "SCSS", 0, 0, 0, 0, 0, 309, 0, 0, 0, 11, 1, 321
"/Users/chengchengkai/project-code/DataElit/datax-web-ui/src/views/dashboard/admin/components/TodoList/index.vue", "Vue", 0, 0, 0, 123, 0, 0, 0, 0, 0, 1, 4, 128
"/Users/chengchengkai/project-code/DataElit/datax-web-ui/src/views/dashboard/admin/components/TransactionTable.vue", "Vue", 0, 0, 0, 53, 0, 0, 0, 0, 0, 0, 3, 56
"/Users/chengchengkai/project-code/DataElit/datax-web-ui/src/views/dashboard/admin/components/mixins/resize.js", "JavaScript", 51, 0, 0, 0, 0, 0, 0, 0, 0, 4, 2, 57
"/Users/chengchengkai/project-code/DataElit/datax-web-ui/src/views/dashboard/admin/index.vue", "Vue", 0, 0, 0, 103, 0, 0, 0, 0, 0, 14, 12, 129
"/Users/chengchengkai/project-code/DataElit/datax-web-ui/src/views/dashboard/editor/index.vue", "Vue", 0, 0, 0, 70, 0, 0, 0, 0, 0, 0, 5, 75
"/Users/chengchengkai/project-code/DataElit/datax-web-ui/src/views/dashboard/index.vue", "Vue", 0, 0, 0, 10, 0, 0, 0, 0, 0, 0, 2, 12
"/Users/chengchengkai/project-code/DataElit/datax-web-ui/src/views/data-analysis/index.vue", "Vue", 0, 0, 0, 82, 0, 0, 0, 0, 0, 4, 4, 90
"/Users/chengchengkai/project-code/DataElit/datax-web-ui/src/views/dataDev/components/codeMirrror.vue", "Vue", 0, 0, 0, 132, 0, 0, 0, 0, 0, 9, 2, 143
"/Users/chengchengkai/project-code/DataElit/datax-web-ui/src/views/dataDev/components/content.vue", "Vue", 0, 0, 0, 160, 0, 0, 0, 0, 0, 8, 1, 169
"/Users/chengchengkai/project-code/DataElit/datax-web-ui/src/views/dataDev/components/headerTabs.vue", "Vue", 0, 0, 0, 98, 0, 0, 0, 0, 0, 5, 5, 108
"/Users/chengchengkai/project-code/DataElit/datax-web-ui/src/views/dataDev/components/tableDetail.vue", "Vue", 0, 0, 0, 112, 0, 0, 0, 0, 0, 0, 2, 114
"/Users/chengchengkai/project-code/DataElit/datax-web-ui/src/views/dataDev/dataDev.vue", "Vue", 0, 0, 0, 19, 0, 0, 0, 0, 0, 0, 4, 23
"/Users/chengchengkai/project-code/DataElit/datax-web-ui/src/views/dataExplore/details.vue", "Vue", 0, 0, 0, 673, 0, 0, 0, 0, 0, 2, 3, 678
"/Users/chengchengkai/project-code/DataElit/datax-web-ui/src/views/dataExplore/index.vue", "Vue", 0, 0, 0, 761, 0, 0, 0, 0, 0, 24, 5, 790
"/Users/chengchengkai/project-code/DataElit/datax-web-ui/src/views/dataModel/components/ColumnResizingTool.js", "JavaScript", 169, 0, 0, 0, 0, 0, 0, 0, 0, 107, 28, 304
"/Users/chengchengkai/project-code/DataElit/datax-web-ui/src/views/dataModel/components/RowResizingTool.js", "JavaScript", 169, 0, 0, 0, 0, 0, 0, 0, 0, 107, 28, 304
"/Users/chengchengkai/project-code/DataElit/datax-web-ui/src/views/dataModel/components/association.vue", "Vue", 0, 0, 0, 114, 0, 0, 0, 0, 0, 2, 13, 129
"/Users/chengchengkai/project-code/DataElit/datax-web-ui/src/views/dataModel/components/editField.vue", "Vue", 0, 0, 0, 571, 0, 0, 0, 0, 0, 9, 33, 613
"/Users/chengchengkai/project-code/DataElit/datax-web-ui/src/views/dataModel/components/initBoard.js", "JavaScript", 406, 0, 0, 0, 0, 0, 0, 0, 0, 34, 11, 451
"/Users/chengchengkai/project-code/DataElit/datax-web-ui/src/views/dataModel/components/leftBar.vue", "Vue", 0, 0, 0, 103, 0, 0, 0, 0, 0, 0, 6, 109
"/Users/chengchengkai/project-code/DataElit/datax-web-ui/src/views/dataModel/components/modeling.vue", "Vue", 0, 0, 0, 102, 0, 0, 0, 0, 0, 0, 2, 104
"/Users/chengchengkai/project-code/DataElit/datax-web-ui/src/views/dataModel/components/mySelect/myFilter.vue", "Vue", 0, 0, 0, 194, 0, 0, 0, 0, 0, 0, 21, 215
"/Users/chengchengkai/project-code/DataElit/datax-web-ui/src/views/dataModel/components/mySelect/mySelect.vue", "Vue", 0, 0, 0, 191, 0, 0, 0, 0, 0, 0, 23, 214
"/Users/chengchengkai/project-code/DataElit/datax-web-ui/src/views/dataModel/components/timeRange.vue", "Vue", 0, 0, 0, 91, 0, 0, 0, 0, 0, 0, 3, 94
"/Users/chengchengkai/project-code/DataElit/datax-web-ui/src/views/dataModel/dataModel.vue", "Vue", 0, 0, 0, 132, 0, 0, 0, 0, 0, 1, 7, 140
"/Users/chengchengkai/project-code/DataElit/datax-web-ui/src/views/dataQuality/generalRules/index.vue", "Vue", 0, 0, 0, 522, 0, 0, 0, 0, 0, 12, 3, 537
"/Users/chengchengkai/project-code/DataElit/datax-web-ui/src/views/dataQuality/specificRules/index.vue", "Vue", 0, 0, 0, 495, 0, 0, 0, 0, 0, 10, 3, 508
"/Users/chengchengkai/project-code/DataElit/datax-web-ui/src/views/dataQuality/standardCheck/CheckStandardTab.vue", "Vue", 0, 0, 0, 329, 0, 0, 0, 0, 0, 4, 8, 341
"/Users/chengchengkai/project-code/DataElit/datax-web-ui/src/views/dataQuality/standardCheck/CheckedStandardTab.vue", "Vue", 0, 0, 0, 360, 0, 0, 0, 0, 0, 3, 6, 369
"/Users/chengchengkai/project-code/DataElit/datax-web-ui/src/views/dataQuality/standardCheck/index.vue", "Vue", 0, 0, 0, 79, 0, 0, 0, 0, 0, 0, 4, 83
"/Users/chengchengkai/project-code/DataElit/datax-web-ui/src/views/dataShare/applyAudit.vue", "Vue", 0, 0, 0, 517, 0, 0, 0, 0, 0, 5, 3, 525
"/Users/chengchengkai/project-code/DataElit/datax-web-ui/src/views/dataShare/debug.vue", "Vue", 0, 0, 0, 226, 0, 0, 0, 0, 0, 2, 3, 231
"/Users/chengchengkai/project-code/DataElit/datax-web-ui/src/views/dataShare/interfaceList.vue", "Vue", 0, 0, 0, 260, 0, 0, 0, 0, 0, 4, 3, 267
"/Users/chengchengkai/project-code/DataElit/datax-web-ui/src/views/dataShare/myInterfaceList.vue", "Vue", 0, 0, 0, 356, 0, 0, 0, 0, 0, 28, 3, 387
"/Users/chengchengkai/project-code/DataElit/datax-web-ui/src/views/dataShare/register.vue", "Vue", 0, 0, 0, 632, 0, 0, 0, 0, 0, 31, 3, 666
"/Users/chengchengkai/project-code/DataElit/datax-web-ui/src/views/dataShare/registerAudit.vue", "Vue", 0, 0, 0, 513, 0, 0, 0, 0, 0, 7, 3, 523
"/Users/chengchengkai/project-code/DataElit/datax-web-ui/src/views/dataShare/viewRegister.vue", "Vue", 0, 0, 0, 395, 0, 0, 0, 0, 0, 5, 3, 403
"/Users/chengchengkai/project-code/DataElit/datax-web-ui/src/views/datax/BusinessTerms/business/AddCatalog.vue", "Vue", 0, 0, 0, 129, 0, 0, 0, 0, 0, 21, 3, 153
"/Users/chengchengkai/project-code/DataElit/datax-web-ui/src/views/datax/BusinessTerms/business/AddCodeSet.vue", "Vue", 0, 0, 0, 126, 0, 0, 0, 0, 0, 10, 3, 139
"/Users/chengchengkai/project-code/DataElit/datax-web-ui/src/views/datax/BusinessTerms/business/AddEditCode.vue", "Vue", 0, 0, 0, 140, 0, 0, 0, 0, 0, 21, 3, 164
"/Users/chengchengkai/project-code/DataElit/datax-web-ui/src/views/datax/BusinessTerms/index.vue", "Vue", 0, 0, 0, 745, 0, 0, 0, 0, 0, 73, 3, 821
"/Users/chengchengkai/project-code/DataElit/datax-web-ui/src/views/datax/DocumentManage/document/AddCatalog.vue", "Vue", 0, 0, 0, 102, 0, 0, 0, 0, 0, 13, 3, 118
"/Users/chengchengkai/project-code/DataElit/datax-web-ui/src/views/datax/DocumentManage/document/AddEditCode.vue", "Vue", 0, 0, 0, 108, 0, 0, 0, 0, 0, 23, 3, 134
"/Users/chengchengkai/project-code/DataElit/datax-web-ui/src/views/datax/DocumentManage/index.vue", "Vue", 0, 0, 0, 657, 0, 0, 0, 0, 0, 81, 9, 747
"/Users/chengchengkai/project-code/DataElit/datax-web-ui/src/views/datax/dataCollect/AddUpdateCollect.vue", "Vue", 0, 0, 0, 316, 0, 0, 0, 0, 0, 2, 8, 326
"/Users/chengchengkai/project-code/DataElit/datax-web-ui/src/views/datax/dataCollect/collect/AddUpdateCollect.vue", "Vue", 0, 0, 0, 316, 0, 0, 0, 0, 0, 2, 8, 326
"/Users/chengchengkai/project-code/DataElit/datax-web-ui/src/views/datax/dataCollect/collect/CollectList.vue", "Vue", 0, 0, 0, 182, 0, 0, 0, 0, 0, 1, 3, 186
"/Users/chengchengkai/project-code/DataElit/datax-web-ui/src/views/datax/dataCollect/collect/StorageCheck.vue", "Vue", 0, 0, 0, 348, 0, 0, 0, 0, 0, 0, 9, 357
"/Users/chengchengkai/project-code/DataElit/datax-web-ui/src/views/datax/dataCollect/index.vue", "Vue", 0, 0, 0, 163, 0, 0, 0, 0, 0, 20, 4, 187
"/Users/chengchengkai/project-code/DataElit/datax-web-ui/src/views/datax/dataQuality/index.vue", "Vue", 0, 0, 0, 294, 0, 0, 0, 0, 0, 0, 3, 297
"/Users/chengchengkai/project-code/DataElit/datax-web-ui/src/views/datax/executor/index.vue", "Vue", 0, 0, 0, 223, 0, 0, 0, 0, 0, 1, 5, 229
"/Users/chengchengkai/project-code/DataElit/datax-web-ui/src/views/datax/jdbc-datasource/compute-datasource/index.vue", "Vue", 0, 0, 0, 449, 0, 0, 0, 0, 0, 13, 6, 468
"/Users/chengchengkai/project-code/DataElit/datax-web-ui/src/views/datax/jdbc-datasource/index.vue", "Vue", 0, 0, 0, 487, 0, 0, 0, 0, 0, 3, 5, 495
"/Users/chengchengkai/project-code/DataElit/datax-web-ui/src/views/datax/jobInfo/components/jobDetail.vue", "Vue", 0, 0, 0, 846, 0, 0, 0, 0, 0, 7, 9, 862
"/Users/chengchengkai/project-code/DataElit/datax-web-ui/src/views/datax/jobInfo/components/metaCompare.vue", "Vue", 0, 0, 0, 69, 0, 0, 0, 0, 0, 0, 4, 73
"/Users/chengchengkai/project-code/DataElit/datax-web-ui/src/views/datax/jobInfo/components/simpleJob.vue", "Vue", 0, 0, 0, 639, 0, 0, 0, 0, 0, 7, 11, 657
"/Users/chengchengkai/project-code/DataElit/datax-web-ui/src/views/datax/jobInfo/components/sparkJob.vue", "Vue", 0, 0, 0, 683, 0, 0, 0, 0, 0, 7, 12, 702
"/Users/chengchengkai/project-code/DataElit/datax-web-ui/src/views/datax/jobInfo/components/sqlJob.vue", "Vue", 0, 0, 0, 631, 0, 0, 0, 0, 0, 7, 12, 650
"/Users/chengchengkai/project-code/DataElit/datax-web-ui/src/views/datax/jobInfo/components/workflow.vue", "Vue", 0, 0, 0, 447, 0, 0, 0, 0, 0, 96, 25, 568
"/Users/chengchengkai/project-code/DataElit/datax-web-ui/src/views/datax/jobInfo/index.vue", "Vue", 0, 0, 0, 592, 0, 0, 0, 0, 0, 5, 17, 614
"/Users/chengchengkai/project-code/DataElit/datax-web-ui/src/views/datax/jobInfo/index1.vue", "Vue", 0, 0, 0, 746, 0, 0, 0, 0, 0, 3, 10, 759
"/Users/chengchengkai/project-code/DataElit/datax-web-ui/src/views/datax/jobLog/index.vue", "Vue", 0, 0, 0, 324, 0, 0, 0, 0, 0, 17, 9, 350
"/Users/chengchengkai/project-code/DataElit/datax-web-ui/src/views/datax/jobLog/log.vue", "Vue", 0, 0, 0, 53, 0, 0, 0, 0, 0, 7, 3, 63
"/Users/chengchengkai/project-code/DataElit/datax-web-ui/src/views/datax/jobProject/index.vue", "Vue", 0, 0, 0, 225, 0, 0, 0, 0, 0, 0, 4, 229
"/Users/chengchengkai/project-code/DataElit/datax-web-ui/src/views/datax/jobTemplate/index.vue", "Vue", 0, 0, 0, 519, 0, 0, 0, 0, 0, 2, 9, 530
"/Users/chengchengkai/project-code/DataElit/datax-web-ui/src/views/datax/json-build-batch/busReader.js", "JavaScript", 8, 0, 0, 0, 0, 0, 0, 0, 0, 1, 1, 10
"/Users/chengchengkai/project-code/DataElit/datax-web-ui/src/views/datax/json-build-batch/busWriter.js", "JavaScript", 8, 0, 0, 0, 0, 0, 0, 0, 0, 1, 1, 10
"/Users/chengchengkai/project-code/DataElit/datax-web-ui/src/views/datax/json-build-batch/components/tableMapper.vue", "Vue", 0, 0, 0, 75, 0, 0, 0, 0, 0, 0, 2, 77
"/Users/chengchengkai/project-code/DataElit/datax-web-ui/src/views/datax/json-build-batch/index.vue", "Vue", 0, 0, 0, 208, 0, 0, 0, 0, 0, 11, 7, 226
"/Users/chengchengkai/project-code/DataElit/datax-web-ui/src/views/datax/json-build-batch/mapper.vue", "Vue", 0, 0, 0, 24, 0, 0, 0, 0, 0, 0, 1, 25
"/Users/chengchengkai/project-code/DataElit/datax-web-ui/src/views/datax/json-build-batch/reader.vue", "Vue", 0, 0, 0, 26, 0, 0, 0, 0, 0, 0, 2, 28
"/Users/chengchengkai/project-code/DataElit/datax-web-ui/src/views/datax/json-build-batch/reader/tableReader.vue", "Vue", 0, 0, 0, 160, 0, 0, 0, 0, 0, 8, 3, 171
"/Users/chengchengkai/project-code/DataElit/datax-web-ui/src/views/datax/json-build-batch/writer.vue", "Vue", 0, 0, 0, 36, 0, 0, 0, 0, 0, 0, 3, 39
"/Users/chengchengkai/project-code/DataElit/datax-web-ui/src/views/datax/json-build-batch/writer/tableWriter.vue", "Vue", 0, 0, 0, 173, 0, 0, 0, 0, 0, 7, 2, 182
"/Users/chengchengkai/project-code/DataElit/datax-web-ui/src/views/datax/json-build/busReader.js", "JavaScript", 8, 0, 0, 0, 0, 0, 0, 0, 0, 1, 1, 10
"/Users/chengchengkai/project-code/DataElit/datax-web-ui/src/views/datax/json-build/busWriter.js", "JavaScript", 8, 0, 0, 0, 0, 0, 0, 0, 0, 1, 1, 10
"/Users/chengchengkai/project-code/DataElit/datax-web-ui/src/views/datax/json-build/components/fieldMapper.vue", "Vue", 0, 0, 0, 157, 0, 0, 0, 0, 0, 0, 3, 160
"/Users/chengchengkai/project-code/DataElit/datax-web-ui/src/views/datax/json-build/create.vue", "Vue", 0, 0, 0, 487, 0, 0, 0, 0, 0, 1, 19, 507
"/Users/chengchengkai/project-code/DataElit/datax-web-ui/src/views/datax/json-build/index.vue", "Vue", 0, 0, 0, 295, 0, 0, 0, 0, 0, 22, 9, 326
"/Users/chengchengkai/project-code/DataElit/datax-web-ui/src/views/datax/json-build/mapper.vue", "Vue", 0, 0, 0, 44, 0, 0, 0, 0, 0, 4, 1, 49
"/Users/chengchengkai/project-code/DataElit/datax-web-ui/src/views/datax/json-build/reader.vue", "Vue", 0, 0, 0, 40, 0, 0, 0, 0, 0, 0, 2, 42
"/Users/chengchengkai/project-code/DataElit/datax-web-ui/src/views/datax/json-build/reader/HBaseReader.vue", "Vue", 0, 0, 0, 193, 0, 0, 0, 0, 0, 8, 3, 204
"/Users/chengchengkai/project-code/DataElit/datax-web-ui/src/views/datax/json-build/reader/HiveReader.vue", "Vue", 0, 0, 0, 196, 0, 0, 0, 0, 0, 8, 3, 207
"/Users/chengchengkai/project-code/DataElit/datax-web-ui/src/views/datax/json-build/reader/MongoDBReader.vue", "Vue", 0, 0, 0, 159, 0, 0, 0, 0, 0, 8, 3, 170
"/Users/chengchengkai/project-code/DataElit/datax-web-ui/src/views/datax/json-build/reader/RDBMSReader.vue", "Vue", 0, 0, 0, 214, 0, 0, 0, 0, 0, 9, 3, 226
"/Users/chengchengkai/project-code/DataElit/datax-web-ui/src/views/datax/json-build/writer.vue", "Vue", 0, 0, 0, 58, 0, 0, 0, 0, 0, 0, 3, 61
"/Users/chengchengkai/project-code/DataElit/datax-web-ui/src/views/datax/json-build/writer/HBaseWriter.vue", "Vue", 0, 0, 0, 214, 0, 0, 0, 0, 0, 7, 3, 224
"/Users/chengchengkai/project-code/DataElit/datax-web-ui/src/views/datax/json-build/writer/HiveWriter.vue", "Vue", 0, 0, 0, 231, 0, 0, 0, 0, 0, 7, 3, 241
"/Users/chengchengkai/project-code/DataElit/datax-web-ui/src/views/datax/json-build/writer/MongoDBWriter.vue", "Vue", 0, 0, 0, 183, 0, 0, 0, 0, 0, 7, 3, 193
"/Users/chengchengkai/project-code/DataElit/datax-web-ui/src/views/datax/json-build/writer/RDBMSWriter.vue", "Vue", 0, 0, 0, 222, 0, 0, 0, 0, 0, 8, 2, 232
"/Users/chengchengkai/project-code/DataElit/datax-web-ui/src/views/datax/jsonQuality/busReader.js", "JavaScript", 8, 0, 0, 0, 0, 0, 0, 0, 0, 1, 1, 10
"/Users/chengchengkai/project-code/DataElit/datax-web-ui/src/views/datax/jsonQuality/busWriter.js", "JavaScript", 8, 0, 0, 0, 0, 0, 0, 0, 0, 1, 1, 10
"/Users/chengchengkai/project-code/DataElit/datax-web-ui/src/views/datax/jsonQuality/components/fieldMapper.vue", "Vue", 0, 0, 0, 157, 0, 0, 0, 0, 0, 0, 3, 160
"/Users/chengchengkai/project-code/DataElit/datax-web-ui/src/views/datax/jsonQuality/index.vue", "Vue", 0, 0, 0, 725, 0, 0, 0, 0, 0, 34, 9, 768
"/Users/chengchengkai/project-code/DataElit/datax-web-ui/src/views/datax/jsonQuality/mapper.vue", "Vue", 0, 0, 0, 44, 0, 0, 0, 0, 0, 4, 1, 49
"/Users/chengchengkai/project-code/DataElit/datax-web-ui/src/views/datax/jsonQuality/reader.vue", "Vue", 0, 0, 0, 40, 0, 0, 0, 0, 0, 0, 2, 42
"/Users/chengchengkai/project-code/DataElit/datax-web-ui/src/views/datax/jsonQuality/reader/HBaseReader.vue", "Vue", 0, 0, 0, 193, 0, 0, 0, 0, 0, 8, 3, 204
"/Users/chengchengkai/project-code/DataElit/datax-web-ui/src/views/datax/jsonQuality/reader/HiveReader.vue", "Vue", 0, 0, 0, 196, 0, 0, 0, 0, 0, 8, 3, 207
"/Users/chengchengkai/project-code/DataElit/datax-web-ui/src/views/datax/jsonQuality/reader/MongoDBReader.vue", "Vue", 0, 0, 0, 159, 0, 0, 0, 0, 0, 8, 3, 170
"/Users/chengchengkai/project-code/DataElit/datax-web-ui/src/views/datax/jsonQuality/reader/RDBMSReader.vue", "Vue", 0, 0, 0, 334, 0, 0, 0, 0, 0, 13, 3, 350
"/Users/chengchengkai/project-code/DataElit/datax-web-ui/src/views/datax/jsonQuality/writer.vue", "Vue", 0, 0, 0, 58, 0, 0, 0, 0, 0, 0, 3, 61
"/Users/chengchengkai/project-code/DataElit/datax-web-ui/src/views/datax/jsonQuality/writer/HBaseWriter.vue", "Vue", 0, 0, 0, 214, 0, 0, 0, 0, 0, 7, 3, 224
"/Users/chengchengkai/project-code/DataElit/datax-web-ui/src/views/datax/jsonQuality/writer/HiveWriter.vue", "Vue", 0, 0, 0, 231, 0, 0, 0, 0, 0, 7, 3, 241
"/Users/chengchengkai/project-code/DataElit/datax-web-ui/src/views/datax/jsonQuality/writer/MongoDBWriter.vue", "Vue", 0, 0, 0, 183, 0, 0, 0, 0, 0, 7, 3, 193
"/Users/chengchengkai/project-code/DataElit/datax-web-ui/src/views/datax/jsonQuality/writer/RDBMSWriter.vue", "Vue", 0, 0, 0, 222, 0, 0, 0, 0, 0, 8, 2, 232
"/Users/chengchengkai/project-code/DataElit/datax-web-ui/src/views/datax/metaModel/dataMeta/AddUpdateMeta.vue", "Vue", 0, 0, 0, 322, 0, 0, 0, 0, 0, 4, 5, 331
"/Users/chengchengkai/project-code/DataElit/datax-web-ui/src/views/datax/metaModel/dataMeta/HistoryDetail.vue", "Vue", 0, 0, 0, 117, 0, 0, 0, 0, 0, 0, 6, 123
"/Users/chengchengkai/project-code/DataElit/datax-web-ui/src/views/datax/metaModel/dataMeta/SetCombinRealation.vue", "Vue", 0, 0, 0, 351, 0, 0, 0, 0, 0, 0, 6, 357
"/Users/chengchengkai/project-code/DataElit/datax-web-ui/src/views/datax/metaModel/index.vue", "Vue", 0, 0, 0, 523, 0, 0, 0, 0, 0, 0, 9, 532
"/Users/chengchengkai/project-code/DataElit/datax-web-ui/src/views/datax/question/index.vue", "Vue", 0, 0, 0, 277, 0, 0, 0, 0, 0, 0, 5, 282
"/Users/chengchengkai/project-code/DataElit/datax-web-ui/src/views/datax/question/questionData/DealOpterate.vue", "Vue", 0, 0, 0, 104, 0, 0, 0, 0, 0, 0, 7, 111
"/Users/chengchengkai/project-code/DataElit/datax-web-ui/src/views/datax/question/questionData/OperateLog.vue", "Vue", 0, 0, 0, 52, 0, 0, 0, 0, 0, 0, 6, 58
"/Users/chengchengkai/project-code/DataElit/datax-web-ui/src/views/datax/question/questionData/QuestionDetail.vue", "Vue", 0, 0, 0, 125, 0, 0, 0, 0, 0, 0, 8, 133
"/Users/chengchengkai/project-code/DataElit/datax-web-ui/src/views/datax/registry/index.vue", "Vue", 0, 0, 0, 168, 0, 0, 0, 0, 0, 2, 5, 175
"/Users/chengchengkai/project-code/DataElit/datax-web-ui/src/views/datax/user/index.vue", "Vue", 0, 0, 0, 226, 0, 0, 0, 0, 0, 0, 4, 230
"/Users/chengchengkai/project-code/DataElit/datax-web-ui/src/views/error-log/components/ErrorTestA.vue", "Vue", 0, 0, 0, 12, 0, 0, 0, 0, 0, 0, 2, 14
"/Users/chengchengkai/project-code/DataElit/datax-web-ui/src/views/error-log/components/ErrorTestB.vue", "Vue", 0, 0, 0, 10, 0, 0, 0, 0, 0, 0, 2, 12
"/Users/chengchengkai/project-code/DataElit/datax-web-ui/src/views/error-log/index.vue", "Vue", 0, 0, 0, 29, 0, 0, 0, 0, 0, 0, 4, 33
"/Users/chengchengkai/project-code/DataElit/datax-web-ui/src/views/error-page/401.vue", "Vue", 0, 0, 0, 96, 0, 0, 0, 0, 0, 0, 4, 100
"/Users/chengchengkai/project-code/DataElit/datax-web-ui/src/views/error-page/404.vue", "Vue", 0, 0, 0, 225, 0, 0, 0, 0, 0, 0, 4, 229
"/Users/chengchengkai/project-code/DataElit/datax-web-ui/src/views/login/auth-redirect.vue", "Vue", 0, 0, 0, 15, 0, 0, 0, 0, 0, 0, 1, 16
"/Users/chengchengkai/project-code/DataElit/datax-web-ui/src/views/login/components/SocialSignin.vue", "Vue", 0, 0, 0, 58, 0, 0, 0, 0, 0, 11, 4, 73
"/Users/chengchengkai/project-code/DataElit/datax-web-ui/src/views/login/index.vue", "Vue", 0, 0, 0, 232, 0, 0, 0, 0, 0, 37, 12, 281
"/Users/chengchengkai/project-code/DataElit/datax-web-ui/src/views/permission/components/SwitchRoles.vue", "Vue", 0, 0, 0, 31, 0, 0, 0, 0, 0, 0, 2, 33
"/Users/chengchengkai/project-code/DataElit/datax-web-ui/src/views/permission/directive.vue", "Vue", 0, 0, 0, 101, 0, 0, 0, 0, 0, 0, 11, 112
"/Users/chengchengkai/project-code/DataElit/datax-web-ui/src/views/permission/page.vue", "Vue", 0, 0, 0, 17, 0, 0, 0, 0, 0, 0, 3, 20
"/Users/chengchengkai/project-code/DataElit/datax-web-ui/src/views/permission/role.vue", "Vue", 0, 0, 0, 239, 0, 0, 0, 0, 0, 9, 23, 271
"/Users/chengchengkai/project-code/DataElit/datax-web-ui/src/views/profile/components/Account.vue", "Vue", 0, 0, 0, 37, 0, 0, 0, 0, 0, 0, 2, 39
"/Users/chengchengkai/project-code/DataElit/datax-web-ui/src/views/profile/components/Activity.vue", "Vue", 0, 0, 0, 166, 0, 0, 0, 0, 0, 0, 20, 186
"/Users/chengchengkai/project-code/DataElit/datax-web-ui/src/views/profile/components/Timeline.vue", "Vue", 0, 0, 0, 42, 0, 0, 0, 0, 0, 0, 2, 44
"/Users/chengchengkai/project-code/DataElit/datax-web-ui/src/views/profile/components/UserCard.vue", "Vue", 0, 0, 0, 117, 0, 0, 0, 0, 0, 0, 18, 135
"/Users/chengchengkai/project-code/DataElit/datax-web-ui/src/views/profile/index.vue", "Vue", 0, 0, 0, 63, 0, 0, 0, 0, 0, 0, 6, 69
"/Users/chengchengkai/project-code/DataElit/datax-web-ui/src/views/redirect/index.vue", "Vue", 0, 0, 0, 12, 0, 0, 0, 0, 0, 0, 1, 13
"/Users/chengchengkai/project-code/DataElit/datax-web-ui/src/views/tool/jsonFormat.vue", "Vue", 0, 0, 0, 55, 0, 0, 0, 0, 0, 2, 5, 62
"/Users/chengchengkai/project-code/DataElit/datax-web-ui/vue.config.js", "JavaScript", 148, 0, 0, 0, 0, 0, 0, 0, 0, 70, 10, 228
"Total", "-", 6010, 68, 10, 39717, 203, 915, 124, 27, 14, 2544, 2115, 51747